timestamp,start_time,end_time,start_matrix,end_matrix,execution_time_sec,start_stats_timestamp,end_stats_timestamp,start_stats_actual_timestamp,end_stats_actual_timestamp,container_count,end_container_count,optimized_cpu_percent,end_optimized_cpu_percent,optimized_memory_mb,end_optimized_memory_mb,optimized_memory_percent,end_optimized_memory_percent,optimized_memory_limit_mb,end_optimized_memory_limit_mb,optimized_pids,end_optimized_pids,optimized_status,end_optimized_status,rossim_cpu_percent,end_rossim_cpu_percent,rossim_memory_mb,end_rossim_memory_mb,rossim_memory_percent,end_rossim_memory_percent,rossim_memory_limit_mb,end_rossim_memory_limit_mb,rossim_pids,end_rossim_pids,rossim_status,end_rossim_status,tmsserver_cpu_percent,end_tmsserver_cpu_percent,tmsserver_memory_mb,end_tmsserver_memory_mb,tmsserver_memory_percent,end_tmsserver_memory_percent,tmsserver_memory_limit_mb,end_tmsserver_memory_limit_mb,tmsserver_pids,end_tmsserver_pids,tmsserver_status,end_tmsserver_status,rosadapter_moveit_cpu_percent,end_rosadapter_moveit_cpu_percent,rosadapter_moveit_memory_mb,end_rosadapter_moveit_memory_mb,rosadapter_moveit_memory_percent,end_rosadapter_moveit_memory_percent,rosadapter_moveit_memory_limit_mb,end_rosadapter_moveit_memory_limit_mb,rosadapter_moveit_pids,end_rosadapter_moveit_pids,rosadapter_moveit_status,end_rosadapter_moveit_status,rosadapter_phosphobot_cpu_percent,end_rosadapter_phosphobot_cpu_percent,rosadapter_phosphobot_memory_mb,end_rosadapter_phosphobot_memory_mb,rosadapter_phosphobot_memory_percent,end_rosadapter_phosphobot_memory_percent,rosadapter_phosphobot_memory_limit_mb,end_rosadapter_phosphobot_memory_limit_mb,rosadapter_phosphobot_pids,end_rosadapter_phosphobot_pids,rosadapter_phosphobot_status,end_rosadapter_phosphobot_status,stats_monitor_cpu_percent,end_stats_monitor_cpu_percent,stats_monitor_memory_mb,end_stats_monitor_memory_mb,stats_monitor_memory_percent,end_stats_monitor_memory_percent,stats_monitor_memory_limit_mb,end_stats_monitor_memory_limit_mb,stats_monitor_pids,end_stats_monitor_pids,stats_monitor_status,end_stats_monitor_status,jupyter_notebooks_jupyter_1_cpu_percent,end_jupyter_notebooks_jupyter_1_cpu_percent,jupyter_notebooks_jupyter_1_memory_mb,end_jupyter_notebooks_jupyter_1_memory_mb,jupyter_notebooks_jupyter_1_memory_percent,end_jupyter_notebooks_jupyter_1_memory_percent,jupyter_notebooks_jupyter_1_memory_limit_mb,end_jupyter_notebooks_jupyter_1_memory_limit_mb,jupyter_notebooks_jupyter_1_pids,end_jupyter_notebooks_jupyter_1_pids,jupyter_notebooks_jupyter_1_status,end_jupyter_notebooks_jupyter_1_status,odysseus_odysseus_1_cpu_percent,end_odysseus_odysseus_1_cpu_percent,odysseus_odysseus_1_memory_mb,end_odysseus_odysseus_1_memory_mb,odysseus_odysseus_1_memory_percent,end_odysseus_odysseus_1_memory_percent,odysseus_odysseus_1_memory_limit_mb,end_odysseus_odysseus_1_memory_limit_mb,odysseus_odysseus_1_pids,end_odysseus_odysseus_1_pids,odysseus_odysseus_1_status,end_odysseus_odysseus_1_status,odysseus_searxng_1_cpu_percent,end_odysseus_searxng_1_cpu_percent,odysseus_searxng_1_memory_mb,end_odysseus_searxng_1_memory_mb,odysseus_searxng_1_memory_percent,end_odysseus_searxng_1_memory_percent,odysseus_searxng_1_memory_limit_mb,end_odysseus_searxng_1_memory_limit_mb,odysseus_searxng_1_pids,end_odysseus_searxng_1_pids,odysseus_searxng_1_status,end_odysseus_searxng_1_status,odysseus_chromadb_1_cpu_percent,end_odysseus_chromadb_1_cpu_percent,odysseus_chromadb_1_memory_mb,end_odysseus_chromadb_1_memory_mb,odysseus_chromadb_1_memory_percent,end_odysseus_chromadb_1_memory_percent,odysseus_chromadb_1_memory_limit_mb,end_odysseus_chromadb_1_memory_limit_mb,odysseus_chromadb_1_pids,end_odysseus_chromadb_1_pids,odysseus_chromadb_1_status,end_odysseus_chromadb_1_status,odysseus_ntfy_1_cpu_percent,end_odysseus_ntfy_1_cpu_percent,odysseus_ntfy_1_memory_mb,end_odysseus_ntfy_1_memory_mb,odysseus_ntfy_1_memory_percent,end_odysseus_ntfy_1_memory_percent,odysseus_ntfy_1_memory_limit_mb,end_odysseus_ntfy_1_memory_limit_mb,odysseus_ntfy_1_pids,end_odysseus_ntfy_1_pids,odysseus_ntfy_1_status,end_odysseus_ntfy_1_status
2026-05-10T14:28:23.660163,2026-05-10T14:28:23.660163,2026-05-13T10:46:39.447542,-1.0000000000;0.0000000000;-0.0000000000;0.0000000000;0.0000000000;1.0000000000;0.0000000000;0.0000000000;0.0000000000;0.0000000000;-1.0000000000;110.0000000000;0.0000000000;0.0000000000;0.0000000000;1.0000000000,1.0000000000;0.0000000000;0.0000000000;5.5163459778;0.0000000000;-0.9313033881;-0.3642444225;24.4820480347;0.0000000000;0.3642444225;-0.9313033881;100.3746702576;0.0000000000;0.0000000000;0.0000000000;1.0000000000,245895.787,2026-05-10T14:28:23.813487,2026-05-13T10:46:39.557906,2026-05-10T14:28:23.321428,2026-05-13T10:46:36.780094,6,7,147.47,195.09,1981.61,2211.35,12.87,14.37,15392.21,15392.21,163,166,running,running,1.02,266.06,514.08,771.25,12.55,18.83,4096.0,4096.0,188,215,running,running,103.35,104.86,322.57,758.93,2.1,4.93,15392.21,15392.21,15,15,running,running,0.11,4.43,96.79,97.94,2.36,2.39,4096.0,4096.0,18,19,running,running,0.13,0.07,93.69,82.87,4.57,4.05,2048.0,2048.0,18,18,running,running,0.07,0.12,32.82,34.59,0.21,0.22,15392.21,15392.21,3,3,running,running,,0.0,,259.8,,1.69,,15392.21,,3,,running,,,,,,,,,,,,,,,,,,,,,,,,,,,,,,,,,,,,,,,,,,,,,,,,
2026-05-10T14:28:40.591191,2026-05-10T14:28:40.591191,2026-05-13T05:30:20.911214,-1.0000000000;0.0000000000;-0.0000000000;-0.0000000000;0.0000000000;1.0000000000;0.0000000000;0.0000000000;0.0000000000;0.0000000000;-1.0000000000;108.6992955707;0.0000000000;0.0000000000;0.0000000000;1.0000000000,-1.0000000000;0.0000000000;-0.0000000000;-0.0000000000;0.0000000000;1.0000000000;0.0000000000;0.0000000000;0.0000000000;0.0000000000;-1.0000000000;100.8980089623;0.0000000000;0.0000000000;0.0000000000;1.0000000000,226900.320,2026-05-10T14:28:40.957992,2026-05-13T05:30:21.477220,2026-05-10T14:28:35.423544,2026-05-13T05:30:20.153783,6,6,138.07,145.12,2111.68,2271.94,13.72,14.76,15392.21,15392.21,172,176,running,running,0.93,186.83,515.16,683.54,12.58,16.69,4096.0,4096.0,188,206,running,running,433.01,92.05,835.51,821.04,5.43,5.33,15392.21,15392.21,15,15,running,running,0.13,6.14,96.2,93.86,2.35,2.29,4096.0,4096.0,18,19,running,running,0.13,0.05,94.48,89.04,4.61,4.35,2048.0,2048.0,18,18,running,running,0.23,0.52,32.66,56.96,0.21,0.37,15392.21,15392.21,3,3,running,running,,,,,,,,,,,,,,,,,,,,,,,,,,,,,,,,,,,,,,,,,,,,,,,,,,,,,,,,,,,,
2026-05-10T14:28:41.164470,2026-05-10T14:28:41.164470,2026-05-10T14:28:42.221740,-1.0000000000;0.0000000000;-0.0000000000;-0.0000000000;0.0000000000;1.0000000000;0.0000000000;0.0000000000;0.0000000000;0.0000000000;-1.0000000000;93.0908424186;0.0000000000;0.0000000000;0.0000000000;1.0000000000,-1.0000000000;0.0000000000;-0.0000000000;-0.0000000000;0.0000000000;1.0000000000;0.0000000000;0.0000000000;0.0000000000;0.0000000000;-1.0000000000;93.0908424186;0.0000000000;0.0000000000;0.0000000000;1.0000000000,1.057,2026-05-10T14:28:41.642823,2026-05-10T14:28:42.328855,2026-05-10T14:28:35.423544,2026-05-10T14:28:35.423544,6,6,138.07,138.07,2111.68,2111.68,13.72,13.72,15392.21,15392.21,172,172,running,running,0.93,0.93,515.16,515.16,12.58,12.58,4096.0,4096.0,188,188,running,running,433.01,433.01,835.51,835.51,5.43,5.43,15392.21,15392.21,15,15,running,running,0.13,0.13,96.2,96.2,2.35,2.35,4096.0,4096.0,18,18,running,running,0.13,0.13,94.48,94.48,4.61,4.61,2048.0,2048.0,18,18,running,running,0.23,0.23,32.66,32.66,0.21,0.21,15392.21,15392.21,3,3,running,running,,,,,,,,,,,,,,,,,,,,,,,,,,,,,,,,,,,,,,,,,,,,,,,,,,,,,,,,,,,,
2026-05-10T14:30:31.741212,2026-05-10T14:30:31.741212,2026-05-13T03:28:56.964702,-1.0000000000;0.0000000000;-0.0000000000;0.0000000000;0.0000000000;1.0000000000;0.0000000000;0.0000000000;0.0000000000;0.0000000000;-1.0000000000;110.0000000000;0.0000000000;0.0000000000;0.0000000000;1.0000000000,-1.0000000000;0.0000000000;-0.0000000000;-0.0000000000;0.0000000000;1.0000000000;0.0000000000;0.0000000000;0.0000000000;0.0000000000;-1.0000000000;103.6284431541;0.0000000000;0.0000000000;0.0000000000;1.0000000000,219505.223,2026-05-10T14:30:32.014668,2026-05-13T03:28:57.569492,2026-05-10T14:30:28.006885,2026-05-13T03:28:55.383649,6,6,7.8,178.13,1053.04,2499.88,6.84,16.24,15392.21,15392.21,164,164,running,running,0.76,226.69,513.98,802.75,12.55,19.6,4096.0,4096.0,188,203,running,running,101.82,299.43,805.72,1117.01,5.23,7.26,15392.21,15392.21,15,15,running,running,0.16,6.36,96.27,83.07,2.35,2.03,4096.0,4096.0,18,18,running,running,0.04,0.05,94.75,91.46,4.63,4.47,2048.0,2048.0,18,18,running,running,0.08,0.24,32.41,48.01,0.21,0.31,15392.21,15392.21,3,3,running,running,,,,,,,,,,,,,,,,,,,,,,,,,,,,,,,,,,,,,,,,,,,,,,,,,,,,,,,,,,,,
2026-05-10T14:31:33.516321,2026-05-10T14:31:33.516321,2026-05-13T03:28:22.965816,-1.0000000000;0.0000000000;-0.0000000000;-0.0000000000;0.0000000000;1.0000000000;0.0000000000;0.0000000000;0.0000000000;0.0000000000;-1.0000000000;108.6993549843;0.0000000000;0.0000000000;0.0000000000;1.0000000000,-1.0000000000;0.0000000000;-0.0000000000;-0.0000000000;0.0000000000;1.0000000000;0.0000000000;0.0000000000;0.0000000000;0.0000000000;-1.0000000000;96.6274974647;0.0000000000;0.0000000000;0.0000000000;1.0000000000,219409.449,2026-05-10T14:31:33.737868,2026-05-13T03:28:23.512461,2026-05-10T14:31:26.334155,2026-05-13T03:28:18.812036,6,6,5.54,188.86,2108.0,2500.37,13.7,16.24,15392.21,15392.21,173,164,running,running,0.69,354.18,513.98,801.34,12.55,19.56,4096.0,4096.0,188,206,running,running,102.24,223.34,805.72,1120.55,5.23,7.28,15392.21,15392.21,15,15,running,running,0.12,9.86,96.27,83.46,2.35,2.04,4096.0,4096.0,18,18,running,running,0.12,0.07,94.76,91.79,4.63,4.48,2048.0,2048.0,18,18,running,running,0.08,0.5,32.41,48.55,0.21,0.32,15392.21,15392.21,3,3,running,running,,,,,,,,,,,,,,,,,,,,,,,,,,,,,,,,,,,,,,,,,,,,,,,,,,,,,,,,,,,,
2026-05-10T14:31:56.026694,2026-05-10T14:31:56.026694,2026-05-13T03:28:07.617685,-1.0000000000;0.0000000000;-0.0000000000;-0.0000000000;0.0000000000;1.0000000000;0.0000000000;0.0000000000;0.0000000000;0.0000000000;-1.0000000000;87.8824166293;0.0000000000;0.0000000000;0.0000000000;1.0000000000,-1.0000000000;0.0000000000;-0.0000000000;0.0000000000;0.0000000000;1.0000000000;0.0000000000;0.0000000000;0.0000000000;0.0000000000;-1.0000000000;110.0000000000;0.0000000000;0.0000000000;0.0000000000;1.0000000000,219371.591,2026-05-10T14:31:56.364313,2026-05-13T03:28:08.007201,2026-05-10T14:31:50.457824,2026-05-13T03:28:07.396277,6,6,13.84,104.33,2109.28,2380.52,13.7,15.47,15392.21,15392.21,173,176,running,running,12.29,183.43,513.8,802.93,12.54,19.6,4096.0,4096.0,185,205,running,running,100.52,313.0,805.72,1034.39,5.23,6.72,15392.21,15392.21,15,15,running,running,0.11,6.44,96.27,83.6,2.35,2.04,4096.0,4096.0,18,18,running,running,0.12,0.11,94.76,91.88,4.63,4.49,2048.0,2048.0,18,18,running,running,0.07,0.13,32.41,49.25,0.21,0.32,15392.21,15392.21,3,3,running,running,,,,,,,,,,,,,,,,,,,,,,,,,,,,,,,,,,,,,,,,,,,,,,,,,,,,,,,,,,,,
2026-05-10T14:32:42.528802,2026-05-10T14:32:42.528802,2026-05-13T02:02:26.183089,-1.0000000000;0.0000000000;-0.0000000000;-0.0000000000;0.0000000000;1.0000000000;0.0000000000;0.0000000000;0.0000000000;0.0000000000;-1.0000000000;89.1831056546;0.0000000000;0.0000000000;0.0000000000;1.0000000000,-1.0000000000;0.0000000000;-0.0000000000;0.0000000000;0.0000000000;1.0000000000;0.0000000000;0.0000000000;0.0000000000;0.0000000000;-1.0000000000;161.0686407596;0.0000000000;0.0000000000;0.0000000000;1.0000000000,214183.654,2026-05-10T14:32:42.887886,2026-05-13T02:02:26.707161,2026-05-10T14:32:36.719559,2026-05-13T02:02:17.637074,6,6,76.78,249.01,2123.16,3079.29,13.79,20.01,15392.21,15392.21,161,164,running,running,1.13,223.94,513.35,810.95,12.53,19.8,4096.0,4096.0,184,204,running,running,100.9,104.57,805.72,736.02,5.23,4.78,15392.21,15392.21,15,15,running,running,0.16,4.69,96.27,159.54,2.35,3.89,4096.0,4096.0,18,18,running,running,0.05,0.04,94.76,96.3,4.63,4.7,2048.0,2048.0,18,18,running,running,0.07,0.1,32.41,65.52,0.21,0.43,15392.21,15392.21,3,3,running,running,,,,,,,,,,,,,,,,,,,,,,,,,,,,,,,,,,,,,,,,,,,,,,,,,,,,,,,,,,,,
2026-05-10T14:33:01.219538,2026-05-10T14:33:01.219538,2026-05-13T02:01:46.897840,-1.0000000000;0.0000000000;-0.0000000000;-0.0000000000;0.0000000000;1.0000000000;0.0000000000;0.0000000000;0.0000000000;0.0000000000;-1.0000000000;96.9872398063;0.0000000000;0.0000000000;0.0000000000;1.0000000000,-1.0000000000;0.0000000000;-0.0000000000;0.0000000000;0.0000000000;1.0000000000;0.0000000000;0.0000000000;0.0000000000;0.0000000000;-1.0000000000;143.8461937242;0.0000000000;0.0000000000;0.0000000000;1.0000000000,214125.678,2026-05-10T14:33:01.384108,2026-05-13T02:01:46.951705,2026-05-10T14:32:59.842401,2026-05-13T02:01:42.308381,6,6,2.89,246.54,2144.02,3075.91,13.93,19.98,15392.21,15392.21,161,163,running,running,0.93,233.34,513.6,811.09,12.54,19.8,4096.0,4096.0,184,204,running,running,101.92,105.77,805.72,740.84,5.23,4.81,15392.21,15392.21,15,15,running,running,0.13,5.53,96.27,159.54,2.35,3.89,4096.0,4096.0,18,18,running,running,0.09,0.05,94.76,96.29,4.63,4.7,2048.0,2048.0,18,18,running,running,0.11,0.16,32.41,65.49,0.21,0.43,15392.21,15392.21,3,3,running,running,,,,,,,,,,,,,,,,,,,,,,,,,,,,,,,,,,,,,,,,,,,,,,,,,,,,,,,,,,,,
2026-05-11T02:00:58.879702,2026-05-11T02:00:58.879702,2026-05-12T14:32:59.059647,-1.0000000000;0.0000000000;-0.0000000000;0.0000000000;0.0000000000;1.0000000000;0.0000000000;0.0000000000;0.0000000000;0.0000000000;-1.0000000000;110.0000000000;0.0000000000;0.0000000000;0.0000000000;1.0000000000,-1.0000000000;0.0000000000;-0.0000000000;0.0000000000;0.0000000000;1.0000000000;0.0000000000;0.0000000000;0.0000000000;0.0000000000;-1.0000000000;110.0000000000;0.0000000000;0.0000000000;0.0000000000;1.0000000000,131520.180,2026-05-11T02:00:59.205843,2026-05-12T14:32:59.349464,2026-05-11T02:00:57.335247,2026-05-12T14:32:51.713147,6,6,107.33,32.23,2051.33,1693.5,13.33,11.0,15392.21,15392.21,163,171,running,running,0.0,83.94,0.0,374.15,0.0,9.13,0.0,4096.0,0,148,restarting,running,100.64,1.14,334.79,281.05,2.18,1.83,15392.21,15392.21,15,15,running,running,0.08,0.45,93.14,96.03,2.27,2.34,4096.0,4096.0,18,18,running,running,0.05,0.03,93.47,103.86,4.56,5.07,2048.0,2048.0,18,18,running,running,0.11,0.2,48.07,74.11,0.31,0.48,15392.21,15392.21,3,3,running,running,,,,,,,,,,,,,,,,,,,,,,,,,,,,,,,,,,,,,,,,,,,,,,,,,,,,,,,,,,,,
2026-05-12T14:32:56.589115,2026-05-12T14:32:56.589115,2026-05-12T14:32:58.293699,-1.0000000000;0.0000000000;-0.0000000000;0.0000000000;0.0000000000;1.0000000000;0.0000000000;0.0000000000;0.0000000000;0.0000000000;-1.0000000000;110.0000000000;0.0000000000;0.0000000000;0.0000000000;1.0000000000,-1.0000000000;0.0000000000;-0.0000000000;0.0000000000;0.0000000000;1.0000000000;0.0000000000;0.0000000000;0.0000000000;0.0000000000;-1.0000000000;110.0000000000;0.0000000000;0.0000000000;0.0000000000;1.0000000000,1.705,2026-05-12T14:32:56.860761,2026-05-12T14:32:58.666991,2026-05-12T14:32:51.713147,2026-05-12T14:32:51.713147,6,6,32.23,32.23,1693.5,1693.5,11.0,11.0,15392.21,15392.21,171,171,running,running,83.94,83.94,374.15,374.15,9.13,9.13,4096.0,4096.0,148,148,running,running,1.14,1.14,281.05,281.05,1.83,1.83,15392.21,15392.21,15,15,running,running,0.45,0.45,96.03,96.03,2.34,2.34,4096.0,4096.0,18,18,running,running,0.03,0.03,103.86,103.86,5.07,5.07,2048.0,2048.0,18,18,running,running,0.2,0.2,74.11,74.11,0.48,0.48,15392.21,15392.21,3,3,running,running,,,,,,,,,,,,,,,,,,,,,,,,,,,,,,,,,,,,,,,,,,,,,,,,,,,,,,,,,,,,
2026-05-13T01:59:26.804481,2026-05-13T01:59:26.804481,2026-05-13T01:59:29.047303,-1.0000000000;0.0000000000;-0.0000000000;0.0000000000;0.0000000000;1.0000000000;0.0000000000;0.0000000000;0.0000000000;0.0000000000;-1.0000000000;110.0000000000;0.0000000000;0.0000000000;0.0000000000;1.0000000000,-1.0000000000;0.0000000000;-0.0000000000;0.0000000000;0.0000000000;1.0000000000;0.0000000000;0.0000000000;0.0000000000;0.0000000000;-1.0000000000;110.0000000000;0.0000000000;0.0000000000;0.0000000000;1.0000000000,2.243,2026-05-13T01:59:27.294017,2026-05-13T01:59:29.630524,2026-05-13T01:59:20.119038,2026-05-13T01:59:20.119038,6,6,37.53,37.53,1677.28,1677.28,10.9,10.9,15392.21,15392.21,159,159,running,running,202.74,202.74,774.73,774.73,18.91,18.91,4096.0,4096.0,204,204,running,running,1.52,1.52,285.92,285.92,1.86,1.86,15392.21,15392.21,15,15,running,running,4.89,4.89,159.03,159.03,3.88,3.88,4096.0,4096.0,18,18,running,running,0.06,0.06,96.22,96.22,4.7,4.7,2048.0,2048.0,18,18,running,running,0.08,0.08,65.41,65.41,0.42,0.42,15392.21,15392.21,3,3,running,running,,,,,,,,,,,,,,,,,,,,,,,,,,,,,,,,,,,,,,,,,,,,,,,,,,,,,,,,,,,,
2026-05-13T02:00:18.265246,2026-05-13T02:00:18.265246,2026-05-13T02:00:21.717400,-1.0000000000;0.0000000000;-0.0000000000;-0.0000000000;0.0000000000;1.0000000000;0.0000000000;0.0000000000;0.0000000000;0.0000000000;-1.0000000000;104.3586792346;0.0000000000;0.0000000000;0.0000000000;1.0000000000,-1.0000000000;0.0000000000;-0.0000000000;-0.0000000000;0.0000000000;1.0000000000;0.0000000000;0.0000000000;0.0000000000;0.0000000000;-1.0000000000;100.1277370219;0.0000000000;0.0000000000;0.0000000000;1.0000000000,3.452,2026-05-13T02:00:18.406224,2026-05-13T02:00:21.797482,2026-05-13T02:00:06.471726,2026-05-13T02:00:18.590976,6,6,195.96,279.66,2827.91,3021.92,18.37,19.63,15392.21,15392.21,163,163,running,running,242.96,232.42,793.97,793.48,19.38,19.37,4096.0,4096.0,204,204,running,running,106.9,105.9,725.75,725.75,4.72,4.72,15392.21,15392.21,15,15,running,running,6.14,5.59,159.46,159.46,3.89,3.89,4096.0,4096.0,18,18,running,running,0.13,0.07,96.29,96.29,4.7,4.7,2048.0,2048.0,18,18,running,running,0.1,0.61,65.45,65.46,0.43,0.43,15392.21,15392.21,3,3,running,running,,,,,,,,,,,,,,,,,,,,,,,,,,,,,,,,,,,,,,,,,,,,,,,,,,,,,,,,,,,,
2026-05-13T02:00:19.188182,2026-05-13T02:00:19.188182,2026-05-13T02:00:20.402511,-1.0000000000;0.0000000000;-0.0000000000;-0.0000000000;0.0000000000;1.0000000000;0.0000000000;0.0000000000;0.0000000000;0.0000000000;-1.0000000000;100.1277370219;0.0000000000;0.0000000000;0.0000000000;1.0000000000,-1.0000000000;0.0000000000;-0.0000000000;-0.0000000000;0.0000000000;1.0000000000;0.0000000000;0.0000000000;0.0000000000;0.0000000000;-1.0000000000;100.1277370219;0.0000000000;0.0000000000;0.0000000000;1.0000000000,1.214,2026-05-13T02:00:19.704752,2026-05-13T02:00:21.062991,2026-05-13T02:00:18.590976,2026-05-13T02:00:18.590976,6,6,279.66,279.66,3021.92,3021.92,19.63,19.63,15392.21,15392.21,163,163,running,running,232.42,232.42,793.48,793.48,19.37,19.37,4096.0,4096.0,204,204,running,running,105.9,105.9,725.75,725.75,4.72,4.72,15392.21,15392.21,15,15,running,running,5.59,5.59,159.46,159.46,3.89,3.89,4096.0,4096.0,18,18,running,running,0.07,0.07,96.29,96.29,4.7,4.7,2048.0,2048.0,18,18,running,running,0.61,0.61,65.46,65.46,0.43,0.43,15392.21,15392.21,3,3,running,running,,,,,,,,,,,,,,,,,,,,,,,,,,,,,,,,,,,,,,,,,,,,,,,,,,,,,,,,,,,,
2026-05-13T02:01:44.417379,2026-05-13T02:01:44.417379,2026-05-13T02:01:46.116929,-1.0000000000;0.0000000000;-0.0000000000;0.0000000000;0.0000000000;1.0000000000;0.0000000000;0.0000000000;0.0000000000;0.0000000000;-1.0000000000;143.8461937242;0.0000000000;0.0000000000;0.0000000000;1.0000000000,-1.0000000000;0.0000000000;-0.0000000000;0.0000000000;0.0000000000;1.0000000000;0.0000000000;0.0000000000;0.0000000000;0.0000000000;-1.0000000000;143.8461937242;0.0000000000;0.0000000000;0.0000000000;1.0000000000,1.700,2026-05-13T02:01:44.962026,2026-05-13T02:01:46.253002,2026-05-13T02:01:42.308381,2026-05-13T02:01:42.308381,6,6,246.54,246.54,3075.91,3075.91,19.98,19.98,15392.21,15392.21,163,163,running,running,233.34,233.34,811.09,811.09,19.8,19.8,4096.0,4096.0,204,204,running,running,105.77,105.77,740.84,740.84,4.81,4.81,15392.21,15392.21,15,15,running,running,5.53,5.53,159.54,159.54,3.89,3.89,4096.0,4096.0,18,18,running,running,0.05,0.05,96.29,96.29,4.7,4.7,2048.0,2048.0,18,18,running,running,0.16,0.16,65.49,65.49,0.43,0.43,15392.21,15392.21,3,3,running,running,,,,,,,,,,,,,,,,,,,,,,,,,,,,,,,,,,,,,,,,,,,,,,,,,,,,,,,,,,,,
2026-05-13T02:02:22.896812,2026-05-13T02:02:22.896812,2026-05-13T02:02:25.167143,-1.0000000000;0.0000000000;-0.0000000000;0.0000000000;0.0000000000;1.0000000000;0.0000000000;0.0000000000;0.0000000000;0.0000000000;-1.0000000000;161.0686407596;0.0000000000;0.0000000000;0.0000000000;1.0000000000,-1.0000000000;0.0000000000;-0.0000000000;0.0000000000;0.0000000000;1.0000000000;0.0000000000;0.0000000000;0.0000000000;0.0000000000;-1.0000000000;161.0686407596;0.0000000000;0.0000000000;0.0000000000;1.0000000000,2.270,2026-05-13T02:02:23.018601,2026-05-13T02:02:25.370194,2026-05-13T02:02:17.637074,2026-05-13T02:02:17.637074,6,6,249.01,249.01,3079.29,3079.29,20.01,20.01,15392.21,15392.21,164,164,running,running,223.94,223.94,810.95,810.95,19.8,19.8,4096.0,4096.0,204,204,running,running,104.57,104.57,736.02,736.02,4.78,4.78,15392.21,15392.21,15,15,running,running,4.69,4.69,159.54,159.54,3.89,3.89,4096.0,4096.0,18,18,running,running,0.04,0.04,96.3,96.3,4.7,4.7,2048.0,2048.0,18,18,running,running,0.1,0.1,65.52,65.52,0.43,0.43,15392.21,15392.21,3,3,running,running,,,,,,,,,,,,,,,,,,,,,,,,,,,,,,,,,,,,,,,,,,,,,,,,,,,,,,,,,,,,
2026-05-13T03:27:32.326982,2026-05-13T03:27:32.326982,2026-05-13T03:28:04.238755,-1.0000000000;0.0000000000;-0.0000000000;0.0000000000;0.0000000000;1.0000000000;0.0000000000;0.0000000000;0.0000000000;0.0000000000;-1.0000000000;110.0000000000;0.0000000000;0.0000000000;0.0000000000;1.0000000000,-1.0000000000;0.0000000000;-0.0000000000;0.0000000000;0.0000000000;1.0000000000;0.0000000000;0.0000000000;0.0000000000;0.0000000000;-1.0000000000;110.0000000000;0.0000000000;0.0000000000;0.0000000000;1.0000000000,31.912,2026-05-13T03:27:32.813071,2026-05-13T03:28:04.586874,2026-05-13T03:27:26.538626,2026-05-13T03:27:52.830003,6,6,68.47,140.46,2349.47,2367.92,15.26,15.38,15392.21,15392.21,167,176,running,running,254.71,306.94,790.61,804.59,19.3,19.64,4096.0,4096.0,205,205,running,running,2.34,388.44,434.59,765.25,2.82,4.97,15392.21,15392.21,15,15,running,running,7.84,6.2,84.46,84.09,2.06,2.05,4096.0,4096.0,18,18,running,running,0.15,0.1,92.24,92.11,4.5,4.5,2048.0,2048.0,18,18,running,running,0.16,5.71,50.86,50.21,0.33,0.33,15392.21,15392.21,3,3,running,running,,,,,,,,,,,,,,,,,,,,,,,,,,,,,,,,,,,,,,,,,,,,,,,,,,,,,,,,,,,,
2026-05-13T03:28:09.455172,2026-05-13T03:28:09.455172,2026-05-13T03:28:18.879695,-1.0000000000;0.0000000000;-0.0000000000;-0.0000000000;0.0000000000;1.0000000000;0.0000000000;0.0000000000;0.0000000000;0.0000000000;-1.0000000000;96.6274974647;0.0000000000;0.0000000000;0.0000000000;1.0000000000,-1.0000000000;0.0000000000;-0.0000000000;-0.0000000000;0.0000000000;1.0000000000;0.0000000000;0.0000000000;0.0000000000;0.0000000000;-1.0000000000;96.6274974647;0.0000000000;0.0000000000;0.0000000000;1.0000000000,9.425,2026-05-13T03:28:09.845392,2026-05-13T03:28:19.574384,2026-05-13T03:28:07.396277,2026-05-13T03:28:18.812036,6,6,104.33,188.86,2380.52,2500.37,15.47,16.24,15392.21,15392.21,176,164,running,running,183.43,354.18,802.93,801.34,19.6,19.56,4096.0,4096.0,205,206,running,running,313.0,223.34,1034.39,1120.55,6.72,7.28,15392.21,15392.21,15,15,running,running,6.44,9.86,83.6,83.46,2.04,2.04,4096.0,4096.0,18,18,running,running,0.11,0.07,91.88,91.79,4.49,4.48,2048.0,2048.0,18,18,running,running,0.13,0.5,49.25,48.55,0.32,0.32,15392.21,15392.21,3,3,running,running,,,,,,,,,,,,,,,,,,,,,,,,,,,,,,,,,,,,,,,,,,,,,,,,,,,,,,,,,,,,
2026-05-13T03:28:44.726083,2026-05-13T03:28:44.726083,2026-05-13T03:28:55.552555,-1.0000000000;0.0000000000;-0.0000000000;-0.0000000000;0.0000000000;1.0000000000;0.0000000000;0.0000000000;0.0000000000;0.0000000000;-1.0000000000;103.6284431541;0.0000000000;0.0000000000;0.0000000000;1.0000000000,-1.0000000000;0.0000000000;-0.0000000000;-0.0000000000;0.0000000000;1.0000000000;0.0000000000;0.0000000000;0.0000000000;0.0000000000;-1.0000000000;103.6284431541;0.0000000000;0.0000000000;0.0000000000;1.0000000000,10.826,2026-05-13T03:28:45.228633,2026-05-13T03:28:55.738340,2026-05-13T03:28:43.166430,2026-05-13T03:28:55.383649,6,6,177.86,178.13,2494.71,2499.88,16.21,16.24,15392.21,15392.21,164,164,running,running,235.38,226.69,803.64,802.75,19.62,19.6,4096.0,4096.0,201,203,running,running,99.69,299.43,885.67,1117.01,5.75,7.26,15392.21,15392.21,15,15,running,running,7.86,6.36,83.41,83.07,2.04,2.03,4096.0,4096.0,18,18,running,running,0.11,0.05,91.74,91.46,4.48,4.47,2048.0,2048.0,18,18,running,running,1.26,0.24,48.05,48.01,0.31,0.31,15392.21,15392.21,3,3,running,running,,,,,,,,,,,,,,,,,,,,,,,,,,,,,,,,,,,,,,,,,,,,,,,,,,,,,,,,,,,,
2026-05-13T05:04:47.389953,2026-05-13T05:04:47.389953,2026-05-13T05:05:31.796099,-1.0000000000;0.0000000000;-0.0000000000;0.0000000000;0.0000000000;1.0000000000;0.0000000000;0.0000000000;0.0000000000;0.0000000000;-1.0000000000;110.0000000000;0.0000000000;0.0000000000;0.0000000000;1.0000000000,-1.0000000000;0.0000000000;-0.0000000000;0.0000000000;0.0000000000;1.0000000000;0.0000000000;0.0000000000;0.0000000000;0.0000000000;-1.0000000000;132.4863256614;0.0000000000;0.0000000000;0.0000000000;1.0000000000,44.406,2026-05-13T05:04:47.617498,2026-05-13T05:05:31.958734,2026-05-13T05:04:46.566033,2026-05-13T05:05:22.901421,6,6,112.24,216.83,2182.78,2480.36,14.18,16.11,15392.21,15392.21,155,164,running,running,210.71,228.77,661.95,693.73,16.16,16.94,4096.0,4096.0,203,203,running,running,1.52,93.57,333.02,772.38,2.16,5.02,15392.21,15392.21,15,15,running,running,4.47,4.79,136.35,138.77,3.33,3.39,4096.0,4096.0,33,33,running,running,0.05,0.06,93.55,93.18,4.57,4.55,2048.0,2048.0,18,18,running,running,0.08,0.09,47.67,47.36,0.31,0.31,15392.21,15392.21,3,3,running,running,,,,,,,,,,,,,,,,,,,,,,,,,,,,,,,,,,,,,,,,,,,,,,,,,,,,,,,,,,,,
2026-05-13T05:05:23.966099,2026-05-13T05:05:23.966099,2026-05-13T05:05:29.758043,-1.0000000000;0.0000000000;-0.0000000000;0.0000000000;0.0000000000;1.0000000000;0.0000000000;0.0000000000;0.0000000000;0.0000000000;-1.0000000000;132.4863256614;0.0000000000;0.0000000000;0.0000000000;1.0000000000,-1.0000000000;0.0000000000;-0.0000000000;0.0000000000;0.0000000000;1.0000000000;0.0000000000;0.0000000000;0.0000000000;0.0000000000;-1.0000000000;132.4863256614;0.0000000000;0.0000000000;0.0000000000;1.0000000000,5.792,2026-05-13T05:05:24.194072,2026-05-13T05:05:30.111181,2026-05-13T05:05:22.901421,2026-05-13T05:05:22.901421,6,6,216.83,216.83,2480.36,2480.36,16.11,16.11,15392.21,15392.21,164,164,running,running,228.77,228.77,693.73,693.73,16.94,16.94,4096.0,4096.0,203,203,running,running,93.57,93.57,772.38,772.38,5.02,5.02,15392.21,15392.21,15,15,running,running,4.79,4.79,138.77,138.77,3.39,3.39,4096.0,4096.0,33,33,running,running,0.06,0.06,93.18,93.18,4.55,4.55,2048.0,2048.0,18,18,running,running,0.09,0.09,47.36,47.36,0.31,0.31,15392.21,15392.21,3,3,running,running,,,,,,,,,,,,,,,,,,,,,,,,,,,,,,,,,,,,,,,,,,,,,,,,,,,,,,,,,,,,
2026-05-13T05:30:01.453652,2026-05-13T05:30:01.453652,2026-05-13T05:30:11.114914,-1.0000000000;0.0000000000;-0.0000000000;0.0000000000;0.0000000000;1.0000000000;0.0000000000;0.0000000000;0.0000000000;0.0000000000;-1.0000000000;110.0000000000;0.0000000000;0.0000000000;0.0000000000;1.0000000000,-1.0000000000;0.0000000000;-0.0000000000;0.0000000000;0.0000000000;1.0000000000;0.0000000000;0.0000000000;0.0000000000;0.0000000000;-1.0000000000;110.0000000000;0.0000000000;0.0000000000;0.0000000000;1.0000000000,9.661,2026-05-13T05:30:02.025245,2026-05-13T05:30:11.502867,2026-05-13T05:29:55.925444,2026-05-13T05:30:08.065477,6,6,122.33,116.43,2115.5,2230.41,13.74,14.49,15392.21,15392.21,167,167,running,running,199.47,191.54,671.39,685.68,16.39,16.74,4096.0,4096.0,204,204,running,running,1.45,92.0,402.91,402.66,2.62,2.62,15392.21,15392.21,15,15,running,running,3.75,3.88,94.38,93.87,2.3,2.29,4096.0,4096.0,19,19,running,running,0.16,0.04,89.9,89.82,4.39,4.39,2048.0,2048.0,18,18,running,running,0.09,0.1,59.38,59.34,0.39,0.39,15392.21,15392.21,3,3,running,running,,,,,,,,,,,,,,,,,,,,,,,,,,,,,,,,,,,,,,,,,,,,,,,,,,,,,,,,,,,,
2026-05-13T05:30:17.495203,2026-05-13T05:30:17.495203,2026-05-13T05:30:19.876523,-1.0000000000;0.0000000000;-0.0000000000;-0.0000000000;0.0000000000;1.0000000000;0.0000000000;0.0000000000;0.0000000000;0.0000000000;-1.0000000000;100.8980089623;0.0000000000;0.0000000000;0.0000000000;1.0000000000,-1.0000000000;0.0000000000;-0.0000000000;-0.0000000000;0.0000000000;1.0000000000;0.0000000000;0.0000000000;0.0000000000;0.0000000000;-1.0000000000;100.8980089623;0.0000000000;0.0000000000;0.0000000000;1.0000000000,2.381,2026-05-13T05:30:17.843433,2026-05-13T05:30:20.168392,2026-05-13T05:30:08.065477,2026-05-13T05:30:20.153783,6,6,116.43,145.12,2230.41,2271.94,14.49,14.76,15392.21,15392.21,167,176,running,running,191.54,186.83,685.68,683.54,16.74,16.69,4096.0,4096.0,204,206,running,running,92.0,92.05,402.66,821.04,2.62,5.33,15392.21,15392.21,15,15,running,running,3.88,6.14,93.87,93.86,2.29,2.29,4096.0,4096.0,19,19,running,running,0.04,0.05,89.82,89.04,4.39,4.35,2048.0,2048.0,18,18,running,running,0.1,0.52,59.34,56.96,0.39,0.37,15392.21,15392.21,3,3,running,running,,,,,,,,,,,,,,,,,,,,,,,,,,,,,,,,,,,,,,,,,,,,,,,,,,,,,,,,,,,,
2026-05-13T10:42:01.240686,2026-05-13T10:42:01.240686,2026-05-13T10:45:48.307764,-1.0000000000;-0.0000000000;0.0000000000;-0.0000000000;0.0000000000;-0.1128297149;-0.9936143394;0.0000000000;0.0000000000;-0.9936143394;0.1128297149;100.8980089623;0.0000000000;0.0000000000;0.0000000000;1.0000000000,1.0000000000;0.0000000000;0.0000000000;5.5163459778;0.0000000000;-1.0000000000;0.0000000000;24.4820480347;0.0000000000;0.0000000000;-1.0000000000;100.3746702576;0.0000000000;0.0000000000;0.0000000000;1.0000000000,227.067,2026-05-13T10:42:01.444132,2026-05-13T10:45:48.637246,2026-05-13T10:42:00.472607,2026-05-13T10:45:40.084795,7,7,184.19,201.88,1908.57,2178.8,12.4,14.16,15392.21,15392.21,165,166,running,running,245.8,252.37,761.19,770.5,18.58,18.81,4096.0,4096.0,223,219,running,running,107.92,106.53,733.79,668.76,4.77,4.34,15392.21,15392.21,15,15,running,running,6.7,4.29,98.12,98.14,2.4,2.4,4096.0,4096.0,19,19,running,running,0.68,0.04,82.69,82.74,4.04,4.04,2048.0,2048.0,18,18,running,running,0.2,3.2,34.45,34.65,0.22,0.23,15392.21,15392.21,3,3,running,running,0.0,0.0,263.36,260.97,1.71,1.7,15392.21,15392.21,3,3,running,running,,,,,,,,,,,,,,,,,,,,,,,,,,,,,,,,,,,,,,,,,,,,,,,,
2026-05-13T10:42:03.736745,2026-05-13T10:42:03.736745,2026-05-13T10:44:35.534658,-1.0000000000;-0.0000000000;0.0000000000;-0.0000000000;0.0000000000;-0.2342510762;-0.9721761329;0.0000000000;0.0000000000;-0.9721761329;0.2342510762;100.8980089623;0.0000000000;0.0000000000;0.0000000000;1.0000000000,-1.0000000000;0.0000000000;-0.0000000000;0.0000000000;0.0000000000;1.0000000000;0.0000000000;0.0000000000;0.0000000000;0.0000000000;-1.0000000000;110.0000000000;0.0000000000;0.0000000000;0.0000000000;1.0000000000,151.798,2026-05-13T10:42:04.300766,2026-05-13T10:44:36.095443,2026-05-13T10:42:00.472607,2026-05-13T10:44:30.458265,7,7,184.19,84.26,1908.57,1894.63,12.4,12.31,15392.21,15392.21,165,157,running,running,245.8,233.06,761.19,779.62,18.58,19.03,4096.0,4096.0,223,223,running,running,107.92,1.5,733.79,281.15,4.77,1.83,15392.21,15392.21,15,15,running,running,6.7,4.29,98.12,98.09,2.4,2.39,4096.0,4096.0,19,19,running,running,0.68,0.07,82.69,82.79,4.04,4.04,2048.0,2048.0,18,18,running,running,0.2,0.09,34.45,34.55,0.22,0.22,15392.21,15392.21,3,3,running,running,0.0,0.0,263.36,262.26,1.71,1.7,15392.21,15392.21,3,3,running,running,,,,,,,,,,,,,,,,,,,,,,,,,,,,,,,,,,,,,,,,,,,,,,,,
2026-05-13T10:44:28.625870,2026-05-13T10:44:28.625870,2026-05-13T10:44:34.375939,-1.0000000000;0.0000000000;-0.0000000000;0.0000000000;0.0000000000;1.0000000000;0.0000000000;0.0000000000;0.0000000000;0.0000000000;-1.0000000000;110.0000000000;0.0000000000;0.0000000000;0.0000000000;1.0000000000,-1.0000000000;0.0000000000;-0.0000000000;0.0000000000;0.0000000000;1.0000000000;0.0000000000;0.0000000000;0.0000000000;0.0000000000;-1.0000000000;110.0000000000;0.0000000000;0.0000000000;0.0000000000;1.0000000000,5.750,2026-05-13T10:44:28.939359,2026-05-13T10:44:34.787152,2026-05-13T10:44:16.313793,2026-05-13T10:44:30.458265,7,7,139.23,84.26,1621.0,1894.63,10.53,12.31,15392.21,15392.21,157,157,running,running,206.91,233.06,779.62,779.62,19.03,19.03,4096.0,4096.0,223,223,running,running,1.8,1.5,281.15,281.15,1.83,1.83,15392.21,15392.21,15,15,running,running,4.33,4.29,98.09,98.09,2.39,2.39,4096.0,4096.0,19,19,running,running,0.04,0.07,82.79,82.79,4.04,4.04,2048.0,2048.0,18,18,running,running,0.42,0.09,34.55,34.55,0.22,0.22,15392.21,15392.21,3,3,running,running,0.0,0.0,262.26,262.26,1.7,1.7,15392.21,15392.21,3,3,running,running,,,,,,,,,,,,,,,,,,,,,,,,,,,,,,,,,,,,,,,,,,,,,,,,
2026-05-13T10:45:42.393445,2026-05-13T10:45:42.393445,2026-05-13T10:45:46.778069,1.0000000000;0.0000000000;0.0000000000;5.5163459778;0.0000000000;-1.0000000000;0.0000000000;24.4820480347;0.0000000000;0.0000000000;-1.0000000000;100.3746702576;0.0000000000;0.0000000000;0.0000000000;1.0000000000,1.0000000000;0.0000000000;0.0000000000;5.5163459778;0.0000000000;-1.0000000000;0.0000000000;24.4820480347;0.0000000000;0.0000000000;-1.0000000000;100.3746702576;0.0000000000;0.0000000000;0.0000000000;1.0000000000,4.385,2026-05-13T10:45:42.873647,2026-05-13T10:45:47.324897,2026-05-13T10:45:40.084795,2026-05-13T10:45:40.084795,7,7,201.88,201.88,2178.8,2178.8,14.16,14.16,15392.21,15392.21,166,166,running,running,252.37,252.37,770.5,770.5,18.81,18.81,4096.0,4096.0,219,219,running,running,106.53,106.53,668.76,668.76,4.34,4.34,15392.21,15392.21,15,15,running,running,4.29,4.29,98.14,98.14,2.4,2.4,4096.0,4096.0,19,19,running,running,0.04,0.04,82.74,82.74,4.04,4.04,2048.0,2048.0,18,18,running,running,3.2,3.2,34.65,34.65,0.23,0.23,15392.21,15392.21,3,3,running,running,0.0,0.0,260.97,260.97,1.7,1.7,15392.21,15392.21,3,3,running,running,,,,,,,,,,,,,,,,,,,,,,,,,,,,,,,,,,,,,,,,,,,,,,,,
2026-05-13T10:46:37.003733,2026-05-13T10:46:37.003733,2026-05-13T10:46:38.568965,1.0000000000;0.0000000000;0.0000000000;5.5163459778;0.0000000000;-0.9313033881;-0.3642444225;24.4820480347;0.0000000000;0.3642444225;-0.9313033881;100.3746702576;0.0000000000;0.0000000000;0.0000000000;1.0000000000,1.0000000000;0.0000000000;0.0000000000;5.5163459778;0.0000000000;-0.9313033881;-0.3642444225;24.4820480347;0.0000000000;0.3642444225;-0.9313033881;100.3746702576;0.0000000000;0.0000000000;0.0000000000;1.0000000000,1.565,2026-05-13T10:46:37.565321,2026-05-13T10:46:38.870612,2026-05-13T10:46:36.780094,2026-05-13T10:46:36.780094,7,7,195.09,195.09,2211.35,2211.35,14.37,14.37,15392.21,15392.21,166,166,running,running,266.06,266.06,771.25,771.25,18.83,18.83,4096.0,4096.0,215,215,running,running,104.86,104.86,758.93,758.93,4.93,4.93,15392.21,15392.21,15,15,running,running,4.43,4.43,97.94,97.94,2.39,2.39,4096.0,4096.0,19,19,running,running,0.07,0.07,82.87,82.87,4.05,4.05,2048.0,2048.0,18,18,running,running,0.12,0.12,34.59,34.59,0.22,0.22,15392.21,15392.21,3,3,running,running,0.0,0.0,259.8,259.8,1.69,1.69,15392.21,15392.21,3,3,running,running,,,,,,,,,,,,,,,,,,,,,,,,,,,,,,,,,,,,,,,,,,,,,,,,
2026-05-13T11:16:02.835619,2026-05-13T11:16:02.835619,2026-05-13T11:16:23.027657,1.0000000000;0.0000000000;0.0000000000;5.5163459778;0.0000000000;-0.9925397457;-0.1219215043;24.4820480347;0.0000000000;0.1219215043;-0.9925397457;100.3746702576;0.0000000000;0.0000000000;0.0000000000;1.0000000000,1.0000000000;0.0000000000;0.0000000000;5.5163459778;0.0000000000;-0.9981421182;-0.0609287449;24.4820480347;0.0000000000;0.0609287449;-0.9981421182;100.3746702576;0.0000000000;0.0000000000;0.0000000000;1.0000000000,20.192,2026-05-13T11:16:03.012788,2026-05-13T11:16:23.318655,2026-05-13T11:15:50.412586,2026-05-13T11:16:18.686071,7,7,209.7,81.91,2282.72,2282.99,14.83,14.83,15392.21,15392.21,166,166,running,running,203.13,561.71,787.84,789.38,19.23,19.27,4096.0,4096.0,219,220,running,running,104.62,229.72,685.09,728.84,4.45,4.74,15392.21,15392.21,15,15,running,running,3.73,8.5,98.0,97.97,2.39,2.39,4096.0,4096.0,19,19,running,running,0.12,0.47,82.87,82.87,4.05,4.05,2048.0,2048.0,18,18,running,running,0.1,0.12,34.65,34.91,0.23,0.23,15392.21,15392.21,3,3,running,running,0.0,0.0,259.8,259.45,1.69,1.69,15392.21,15392.21,3,3,running,running,,,,,,,,,,,,,,,,,,,,,,,,,,,,,,,,,,,,,,,,,,,,,,,,
2026-05-13T11:16:05.104624,2026-05-13T11:16:05.104624,2026-05-13T11:16:20.774555,1.0000000000;0.0000000000;0.0000000000;5.5163459778;0.0000000000;-0.9981421182;-0.0609287449;24.4820480347;0.0000000000;0.0609287449;-0.9981421182;100.3746702576;0.0000000000;0.0000000000;0.0000000000;1.0000000000,1.0000000000;0.0000000000;0.0000000000;5.5163459778;0.0000000000;-0.9981421182;-0.0609287449;24.4820480347;0.0000000000;0.0609287449;-0.9981421182;100.3746702576;0.0000000000;0.0000000000;0.0000000000;1.0000000000,15.670,2026-05-13T11:16:05.378066,2026-05-13T11:16:21.491127,2026-05-13T11:16:04.535033,2026-05-13T11:16:18.686071,7,7,217.33,81.91,2282.35,2282.99,14.83,14.83,15392.21,15392.21,166,166,running,running,205.68,561.71,788.32,789.38,19.25,19.27,4096.0,4096.0,219,220,running,running,102.36,229.72,685.09,728.84,4.45,4.74,15392.21,15392.21,15,15,running,running,3.92,8.5,98.0,97.97,2.39,2.39,4096.0,4096.0,19,19,running,running,0.05,0.47,82.87,82.87,4.05,4.05,2048.0,2048.0,18,18,running,running,0.09,0.12,34.65,34.91,0.23,0.23,15392.21,15392.21,3,3,running,running,0.0,0.0,259.8,259.45,1.69,1.69,15392.21,15392.21,3,3,running,running,,,,,,,,,,,,,,,,,,,,,,,,,,,,,,,,,,,,,,,,,,,,,,,,
2026-05-13T12:08:47.291602,2026-05-13T12:08:47.291602,2026-05-13T12:09:57.533968,1.0000000000;0.0000000000;0.0000000000;5.5163459778;0.0000000000;-0.9981421182;-0.0609287449;26.5822283844;0.0000000000;0.0609287449;-0.9981421182;134.7800804639;0.0000000000;0.0000000000;0.0000000000;1.0000000000,1.0000000000;0.0000000000;0.0000000000;5.5163459778;0.0000000000;-0.9981421182;-0.0609287449;33.6539308366;0.0000000000;0.0609287449;-0.9981421182;250.6295710803;0.0000000000;0.0000000000;0.0000000000;1.0000000000,70.242,2026-05-13T12:08:47.550629,2026-05-13T12:09:58.072022,2026-05-13T12:08:34.386050,2026-05-13T12:09:57.198041,7,7,216.88,219.55,2279.55,2284.68,14.81,14.84,15392.21,15392.21,166,166,running,running,205.51,247.58,793.7,795.66,19.38,19.43,4096.0,4096.0,215,215,running,running,104.21,108.13,745.72,694.13,4.84,4.51,15392.21,15392.21,15,15,running,running,4.53,4.94,98.04,98.05,2.39,2.39,4096.0,4096.0,19,19,running,running,0.04,0.6,82.84,82.84,4.04,4.05,2048.0,2048.0,18,18,running,running,0.11,0.13,34.7,34.71,0.23,0.23,15392.21,15392.21,3,3,running,running,0.0,0.0,259.1,259.09,1.68,1.68,15392.21,15392.21,3,3,running,running,,,,,,,,,,,,,,,,,,,,,,,,,,,,,,,,,,,,,,,,,,,,,,,,
2026-05-13T12:08:48.971344,2026-05-13T12:08:48.971344,2026-05-13T12:09:00.704776,1.0000000000;0.0000000000;0.0000000000;5.5163459778;0.0000000000;-0.9981421182;-0.0609287449;27.2359229075;0.0000000000;0.0609287449;-0.9981421182;145.4889837331;0.0000000000;0.0000000000;0.0000000000;1.0000000000,1.0000000000;0.0000000000;0.0000000000;5.5163459778;0.0000000000;-0.9981421182;-0.0609287449;28.2662160190;0.0000000000;0.0609287449;-0.9981421182;162.3673709342;0.0000000000;0.0000000000;0.0000000000;1.0000000000,11.733,2026-05-13T12:08:49.373483,2026-05-13T12:09:00.770184,2026-05-13T12:08:48.473052,2026-05-13T12:08:48.473052,7,7,223.66,223.66,2280.64,2280.64,14.82,14.82,15392.21,15392.21,166,166,running,running,223.94,223.94,794.45,794.45,19.4,19.4,4096.0,4096.0,215,215,running,running,105.12,105.12,745.72,745.72,4.84,4.84,15392.21,15392.21,15,15,running,running,3.8,3.8,98.04,98.04,2.39,2.39,4096.0,4096.0,19,19,running,running,0.1,0.1,82.84,82.84,4.04,4.04,2048.0,2048.0,18,18,running,running,0.11,0.11,34.7,34.7,0.23,0.23,15392.21,15392.21,3,3,running,running,0.0,0.0,259.1,259.1,1.68,1.68,15392.21,15392.21,3,3,running,running,,,,,,,,,,,,,,,,,,,,,,,,,,,,,,,,,,,,,,,,,,,,,,,,
2026-05-13T12:08:50.164094,2026-05-13T12:08:50.164094,2026-05-13T12:08:59.533578,1.0000000000;0.0000000000;0.0000000000;5.5163459778;0.0000000000;-0.9981421182;-0.0609287449;28.2662160190;0.0000000000;0.0609287449;-0.9981421182;162.3673709342;0.0000000000;0.0000000000;0.0000000000;1.0000000000,1.0000000000;0.0000000000;0.0000000000;5.5163459778;0.0000000000;-0.9981421182;-0.0609287449;28.2662160190;0.0000000000;0.0609287449;-0.9981421182;162.3673709342;0.0000000000;0.0000000000;0.0000000000;1.0000000000,9.369,2026-05-13T12:08:50.677904,2026-05-13T12:09:00.093878,2026-05-13T12:08:48.473052,2026-05-13T12:08:48.473052,7,7,223.66,223.66,2280.64,2280.64,14.82,14.82,15392.21,15392.21,166,166,running,running,223.94,223.94,794.45,794.45,19.4,19.4,4096.0,4096.0,215,215,running,running,105.12,105.12,745.72,745.72,4.84,4.84,15392.21,15392.21,15,15,running,running,3.8,3.8,98.04,98.04,2.39,2.39,4096.0,4096.0,19,19,running,running,0.1,0.1,82.84,82.84,4.04,4.04,2048.0,2048.0,18,18,running,running,0.11,0.11,34.7,34.7,0.23,0.23,15392.21,15392.21,3,3,running,running,0.0,0.0,259.1,259.1,1.68,1.68,15392.21,15392.21,3,3,running,running,,,,,,,,,,,,,,,,,,,,,,,,,,,,,,,,,,,,,,,,,,,,,,,,
2026-05-13T12:09:52.637936,2026-05-13T12:09:52.637936,2026-05-13T12:09:56.896186,1.0000000000;0.0000000000;0.0000000000;5.5163459778;0.0000000000;-0.9981421182;-0.0609287449;29.7001111969;0.0000000000;0.0609287449;-0.9981421182;185.8576163285;0.0000000000;0.0000000000;0.0000000000;1.0000000000,1.0000000000;0.0000000000;0.0000000000;5.5163459778;0.0000000000;-0.9981421182;-0.0609287449;33.6539308366;0.0000000000;0.0609287449;-0.9981421182;250.6295710803;0.0000000000;0.0000000000;0.0000000000;1.0000000000,4.258,2026-05-13T12:09:53.269717,2026-05-13T12:09:57.383683,2026-05-13T12:09:43.070154,2026-05-13T12:09:57.198041,7,7,209.83,219.55,2283.72,2284.68,14.84,14.84,15392.21,15392.21,166,166,running,running,295.41,247.58,795.21,795.66,19.41,19.43,4096.0,4096.0,215,215,running,running,106.13,108.13,694.13,694.13,4.51,4.51,15392.21,15392.21,15,15,running,running,4.64,4.94,98.05,98.05,2.39,2.39,4096.0,4096.0,19,19,running,running,0.12,0.6,82.84,82.84,4.04,4.05,2048.0,2048.0,18,18,running,running,0.16,0.13,34.71,34.71,0.23,0.23,15392.21,15392.21,3,3,running,running,0.0,0.0,259.1,259.09,1.68,1.68,15392.21,15392.21,3,3,running,running,,,,,,,,,,,,,,,,,,,,,,,,,,,,,,,,,,,,,,,,,,,,,,,,
2026-05-13T12:09:53.450871,2026-05-13T12:09:53.450871,2026-05-13T12:09:54.413911,1.0000000000;0.0000000000;0.0000000000;5.5163459778;0.0000000000;-0.9981421182;-0.0609287449;31.9696497192;0.0000000000;0.0609287449;-0.9981421182;223.0374727374;0.0000000000;0.0000000000;0.0000000000;1.0000000000,1.0000000000;0.0000000000;0.0000000000;5.5163459778;0.0000000000;-0.9981421182;-0.0609287449;31.9696497192;0.0000000000;0.0609287449;-0.9981421182;223.0374727374;0.0000000000;0.0000000000;0.0000000000;1.0000000000,0.963,2026-05-13T12:09:53.976395,2026-05-13T12:09:54.670541,2026-05-13T12:09:43.070154,2026-05-13T12:09:43.070154,7,7,209.83,209.83,2283.72,2283.72,14.84,14.84,15392.21,15392.21,166,166,running,running,295.41,295.41,795.21,795.21,19.41,19.41,4096.0,4096.0,215,215,running,running,106.13,106.13,694.13,694.13,4.51,4.51,15392.21,15392.21,15,15,running,running,4.64,4.64,98.05,98.05,2.39,2.39,4096.0,4096.0,19,19,running,running,0.12,0.12,82.84,82.84,4.04,4.04,2048.0,2048.0,18,18,running,running,0.16,0.16,34.71,34.71,0.23,0.23,15392.21,15392.21,3,3,running,running,0.0,0.0,259.1,259.1,1.68,1.68,15392.21,15392.21,3,3,running,running,,,,,,,,,,,,,,,,,,,,,,,,,,,,,,,,,,,,,,,,,,,,,,,,
2026-05-13T12:09:55.029931,2026-05-13T12:09:55.029931,2026-05-13T12:09:55.981035,1.0000000000;0.0000000000;0.0000000000;5.5163459778;0.0000000000;-0.9981421182;-0.0609287449;33.6539308366;0.0000000000;0.0609287449;-0.9981421182;250.6295710803;0.0000000000;0.0000000000;0.0000000000;1.0000000000,1.0000000000;0.0000000000;0.0000000000;5.5163459778;0.0000000000;-0.9981421182;-0.0609287449;33.6539308366;0.0000000000;0.0609287449;-0.9981421182;250.6295710803;0.0000000000;0.0000000000;0.0000000000;1.0000000000,0.951,2026-05-13T12:09:55.378807,2026-05-13T12:09:56.068811,2026-05-13T12:09:43.070154,2026-05-13T12:09:43.070154,7,7,209.83,209.83,2283.72,2283.72,14.84,14.84,15392.21,15392.21,166,166,running,running,295.41,295.41,795.21,795.21,19.41,19.41,4096.0,4096.0,215,215,running,running,106.13,106.13,694.13,694.13,4.51,4.51,15392.21,15392.21,15,15,running,running,4.64,4.64,98.05,98.05,2.39,2.39,4096.0,4096.0,19,19,running,running,0.12,0.12,82.84,82.84,4.04,4.04,2048.0,2048.0,18,18,running,running,0.16,0.16,34.71,34.71,0.23,0.23,15392.21,15392.21,3,3,running,running,0.0,0.0,259.1,259.1,1.68,1.68,15392.21,15392.21,3,3,running,running,,,,,,,,,,,,,,,,,,,,,,,,,,,,,,,,,,,,,,,,,,,,,,,,
2026-05-16T01:39:35.466237,2026-05-16T01:39:35.466237,2026-05-16T01:39:38.277103,-1.0000000000;0.0000000000;-0.0000000000;0.0000000000;0.0000000000;1.0000000000;0.0000000000;0.0000000000;0.0000000000;0.0000000000;-1.0000000000;110.0000000000;0.0000000000;0.0000000000;0.0000000000;1.0000000000,-1.0000000000;0.0000000000;-0.0000000000;0.0000000000;0.0000000000;1.0000000000;0.0000000000;0.0000000000;0.0000000000;0.0000000000;-1.0000000000;110.0000000000;0.0000000000;0.0000000000;0.0000000000;1.0000000000,2.811,2026-06-07T03:32:34.745897,2026-06-07T03:32:35.438729,2026-06-07T03:32:33.647392,2026-06-07T03:32:33.647392,10,10,1.06,1.06,572.84,572.84,3.72,3.72,15392.21,15392.21,116,116,running,running,95.61,95.61,638.81,638.81,15.6,15.6,4096.0,4096.0,153,153,running,running,3.9,3.9,660.83,660.83,4.29,4.29,15392.21,15392.21,12,12,running,running,0.63,0.63,129.59,129.59,3.16,3.16,4096.0,4096.0,19,19,running,running,1.46,1.46,135.37,135.37,6.61,6.61,2048.0,2048.0,18,18,running,running,0.12,0.12,81.18,81.18,0.53,0.53,15392.21,15392.21,3,3,running,running,,,,,,,,,,,,,0.21,0.21,613.98,613.98,3.99,3.99,15392.21,15392.21,36,36,running,running,0.0,0.0,183.12,183.12,1.19,1.19,15392.21,15392.21,8,8,running,running,0.0,0.0,42.61,42.61,0.28,0.28,15392.21,15392.21,12,12,running,running,0.0,0.0,46.36,46.36,0.3,0.3,15392.21,15392.21,10,10,running,running
2026-05-16T01:49:50.986253,2026-05-16T01:49:50.986253,2026-05-16T01:49:53.847115,1.0000000000;0.0000000000;0.0000000000;5.5163459778;0.0000000000;-1.0000000000;0.0000000000;24.4820480347;0.0000000000;0.0000000000;-1.0000000000;80.3746702576;0.0000000000;0.0000000000;0.0000000000;1.0000000000,1.0000000000;0.0000000000;0.0000000000;5.5163459778;0.0000000000;-1.0000000000;0.0000000000;24.4820480347;0.0000000000;0.0000000000;-1.0000000000;80.3746702576;0.0000000000;0.0000000000;0.0000000000;1.0000000000,2.861,2026-06-07T03:32:34.745961,2026-06-07T03:32:35.438830,2026-06-07T03:32:33.647392,2026-06-07T03:32:33.647392,10,10,1.06,1.06,572.84,572.84,3.72,3.72,15392.21,15392.21,116,116,running,running,95.61,95.61,638.81,638.81,15.6,15.6,4096.0,4096.0,153,153,running,running,3.9,3.9,660.83,660.83,4.29,4.29,15392.21,15392.21,12,12,running,running,0.63,0.63,129.59,129.59,3.16,3.16,4096.0,4096.0,19,19,running,running,1.46,1.46,135.37,135.37,6.61,6.61,2048.0,2048.0,18,18,running,running,0.12,0.12,81.18,81.18,0.53,0.53,15392.21,15392.21,3,3,running,running,,,,,,,,,,,,,0.21,0.21,613.98,613.98,3.99,3.99,15392.21,15392.21,36,36,running,running,0.0,0.0,183.12,183.12,1.19,1.19,15392.21,15392.21,8,8,running,running,0.0,0.0,42.61,42.61,0.28,0.28,15392.21,15392.21,12,12,running,running,0.0,0.0,46.36,46.36,0.3,0.3,15392.21,15392.21,10,10,running,running
2026-06-07T03:34:44.984883,2026-06-07T03:34:44.984883,2026-06-07T03:37:32.308447,-1.0000000000;0.0000000000;-0.0000000000;0.0000000000;0.0000000000;1.0000000000;0.0000000000;0.0000000000;0.0000000000;0.0000000000;-1.0000000000;110.0000000000;0.0000000000;0.0000000000;0.0000000000;1.0000000000,1.0000000000;0.0000000000;0.0000000000;5.5163459778;0.0000000000;-1.0000000000;0.0000000000;24.4820480347;0.0000000000;0.0000000000;-1.0000000000;100.3846702576;0.0000000000;0.0000000000;0.0000000000;1.0000000000,167.324,2026-06-07T03:34:45.256721,2026-06-07T03:37:32.632500,2026-06-07T03:34:31.691177,2026-06-07T03:37:30.998197,10,10,133.07,219.64,2596.23,2934.21,16.87,19.06,15392.21,15392.21,167,164,running,running,252.6,286.41,1051.09,1107.34,25.66,27.03,4096.0,4096.0,218,220,running,running,96.14,97.63,706.57,1165.86,4.59,7.57,15392.21,15392.21,15,15,running,running,9.92,5.44,132.2,132.45,3.23,3.23,4096.0,4096.0,19,19,running,running,0.44,0.17,136.69,136.71,6.67,6.68,2048.0,2048.0,18,18,running,running,0.19,0.16,81.6,81.77,0.53,0.53,15392.21,15392.21,3,3,running,running,,,,,,,,,,,,,0.48,0.34,614.0,613.99,3.99,3.99,15392.21,15392.21,36,36,running,running,0.0,0.0,183.3,183.32,1.19,1.19,15392.21,15392.21,8,8,running,running,0.0,0.0,42.61,42.61,0.28,0.28,15392.21,15392.21,12,12,running,running,0.0,0.0,47.11,46.0,0.31,0.3,15392.21,15392.21,10,10,running,running
2026-06-07T03:35:16.902364,2026-06-07T03:35:16.902364,2026-06-07T03:36:24.564480,-1.0000000000;0.0000000000;-0.0000000000;-0.0000000000;0.0000000000;1.0000000000;0.0000000000;0.0000000000;0.0000000000;0.0000000000;-1.0000000000;102.9649036653;0.0000000000;0.0000000000;0.0000000000;1.0000000000,1.0000000000;0.0000000000;0.0000000000;5.5163459778;0.0000000000;-1.0000000000;0.0000000000;24.4820480347;0.0000000000;0.0000000000;-1.0000000000;80.3746702576;0.0000000000;0.0000000000;0.0000000000;1.0000000000,67.662,2026-06-07T03:35:17.310889,2026-06-07T03:36:24.989335,2026-06-07T03:35:10.782507,2026-06-07T03:36:10.818433,10,10,86.24,230.85,2897.73,2924.7,18.83,19.0,15392.21,15392.21,176,176,running,running,491.36,218.67,1057.48,1061.06,25.82,25.9,4096.0,4096.0,223,218,running,running,101.12,95.65,1163.32,1204.26,7.56,7.82,15392.21,15392.21,15,15,running,running,7.71,6.13,132.3,132.4,3.23,3.23,4096.0,4096.0,19,19,running,running,0.06,0.05,136.7,136.7,6.67,6.67,2048.0,2048.0,18,18,running,running,1.07,0.14,81.62,81.7,0.53,0.53,15392.21,15392.21,3,3,running,running,,,,,,,,,,,,,0.26,0.3,614.0,614.0,3.99,3.99,15392.21,15392.21,36,36,running,running,0.0,0.0,183.32,183.31,1.19,1.19,15392.21,15392.21,8,8,running,running,0.0,0.0,42.61,42.61,0.28,0.28,15392.21,15392.21,12,12,running,running,0.0,0.0,45.79,45.89,0.3,0.3,15392.21,15392.21,10,10,running,running
2026-06-07T03:35:18.251023,2026-06-07T03:35:18.251023,2026-06-07T03:35:24.839199,-1.0000000000;0.0000000000;-0.0000000000;-0.0000000000;0.0000000000;1.0000000000;0.0000000000;0.0000000000;0.0000000000;0.0000000000;-1.0000000000;101.7912562172;0.0000000000;0.0000000000;0.0000000000;1.0000000000,-1.0000000000;0.0000000000;-0.0000000000;-0.0000000000;0.0000000000;1.0000000000;0.0000000000;0.0000000000;0.0000000000;0.0000000000;-1.0000000000;101.7912562172;0.0000000000;0.0000000000;0.0000000000;1.0000000000,6.588,2026-06-07T03:35:18.625723,2026-06-07T03:35:25.043713,2026-06-07T03:35:10.782507,2026-06-07T03:35:10.782507,10,10,86.24,86.24,2897.73,2897.73,18.83,18.83,15392.21,15392.21,176,176,running,running,491.36,491.36,1057.48,1057.48,25.82,25.82,4096.0,4096.0,223,223,running,running,101.12,101.12,1163.32,1163.32,7.56,7.56,15392.21,15392.21,15,15,running,running,7.71,7.71,132.3,132.3,3.23,3.23,4096.0,4096.0,19,19,running,running,0.06,0.06,136.7,136.7,6.67,6.67,2048.0,2048.0,18,18,running,running,1.07,1.07,81.62,81.62,0.53,0.53,15392.21,15392.21,3,3,running,running,,,,,,,,,,,,,0.26,0.26,614.0,614.0,3.99,3.99,15392.21,15392.21,36,36,running,running,0.0,0.0,183.32,183.32,1.19,1.19,15392.21,15392.21,8,8,running,running,0.0,0.0,42.61,42.61,0.28,0.28,15392.21,15392.21,12,12,running,running,0.0,0.0,45.79,45.79,0.3,0.3,15392.21,15392.21,10,10,running,running
2026-06-07T03:36:20.609205,2026-06-07T03:36:20.609205,2026-06-07T03:36:23.315495,1.0000000000;0.0000000000;0.0000000000;5.5163459778;0.0000000000;-1.0000000000;0.0000000000;24.4820480347;0.0000000000;0.0000000000;-1.0000000000;80.3746702576;0.0000000000;0.0000000000;0.0000000000;1.0000000000,1.0000000000;0.0000000000;0.0000000000;5.5163459778;0.0000000000;-1.0000000000;0.0000000000;24.4820480347;0.0000000000;0.0000000000;-1.0000000000;80.3746702576;0.0000000000;0.0000000000;0.0000000000;1.0000000000,2.706,2026-06-07T03:36:20.817419,2026-06-07T03:36:23.667073,2026-06-07T03:36:10.818433,2026-06-07T03:36:10.818433,10,10,230.85,230.85,2924.7,2924.7,19.0,19.0,15392.21,15392.21,176,176,running,running,218.67,218.67,1061.06,1061.06,25.9,25.9,4096.0,4096.0,218,218,running,running,95.65,95.65,1204.26,1204.26,7.82,7.82,15392.21,15392.21,15,15,running,running,6.13,6.13,132.4,132.4,3.23,3.23,4096.0,4096.0,19,19,running,running,0.05,0.05,136.7,136.7,6.67,6.67,2048.0,2048.0,18,18,running,running,0.14,0.14,81.7,81.7,0.53,0.53,15392.21,15392.21,3,3,running,running,,,,,,,,,,,,,0.3,0.3,614.0,614.0,3.99,3.99,15392.21,15392.21,36,36,running,running,0.0,0.0,183.31,183.31,1.19,1.19,15392.21,15392.21,8,8,running,running,0.0,0.0,42.61,42.61,0.28,0.28,15392.21,15392.21,12,12,running,running,0.0,0.0,45.89,45.89,0.3,0.3,15392.21,15392.21,10,10,running,running
2026-06-07T03:37:28.984153,2026-06-07T03:37:28.984153,2026-06-07T03:37:31.104202,1.0000000000;0.0000000000;0.0000000000;5.5163459778;0.0000000000;-1.0000000000;0.0000000000;24.4820480347;0.0000000000;0.0000000000;-1.0000000000;100.3846702576;0.0000000000;0.0000000000;0.0000000000;1.0000000000,1.0000000000;0.0000000000;0.0000000000;5.5163459778;0.0000000000;-1.0000000000;0.0000000000;24.4820480347;0.0000000000;0.0000000000;-1.0000000000;100.3846702576;0.0000000000;0.0000000000;0.0000000000;1.0000000000,2.120,2026-06-07T03:37:29.459715,2026-06-07T03:37:31.298029,2026-06-07T03:37:10.685153,2026-06-07T03:37:30.998197,10,10,241.94,219.64,2937.55,2934.21,19.08,19.06,15392.21,15392.21,176,164,running,running,207.41,286.41,1080.53,1107.34,26.38,27.03,4096.0,4096.0,218,220,running,running,99.29,97.63,1165.86,1165.86,7.57,7.57,15392.21,15392.21,15,15,running,running,4.4,5.44,132.44,132.45,3.23,3.23,4096.0,4096.0,19,19,running,running,0.07,0.17,136.71,136.71,6.68,6.68,2048.0,2048.0,18,18,running,running,0.15,0.16,82.0,81.77,0.53,0.53,15392.21,15392.21,3,3,running,running,,,,,,,,,,,,,0.42,0.34,613.99,613.99,3.99,3.99,15392.21,15392.21,36,36,running,running,0.0,0.0,183.32,183.32,1.19,1.19,15392.21,15392.21,8,8,running,running,0.0,0.0,42.61,42.61,0.28,0.28,15392.21,15392.21,12,12,running,running,0.0,0.0,45.99,46.0,0.3,0.3,15392.21,15392.21,10,10,running,running
2026-06-07T03:37:50.746998,2026-06-07T03:37:50.746998,2026-06-07T03:37:53.747835,1.0000000000;0.0000000000;0.0000000000;5.5163459778;0.0000000000;-1.0000000000;0.0000000000;24.4820480347;0.0000000000;0.0000000000;-1.0000000000;120.3746702576;0.0000000000;0.0000000000;0.0000000000;1.0000000000,1.0000000000;0.0000000000;0.0000000000;5.5163459778;0.0000000000;-1.0000000000;0.0000000000;24.4820480347;0.0000000000;0.0000000000;-1.0000000000;120.3746702576;0.0000000000;0.0000000000;0.0000000000;1.0000000000,3.001,2026-06-07T03:37:50.891081,2026-06-07T03:37:54.252142,2026-06-07T03:37:30.998197,2026-06-07T03:37:51.216677,10,10,219.64,214.24,2934.21,2936.94,19.06,19.08,15392.21,15392.21,164,164,running,running,286.41,233.98,1107.34,1111.21,27.03,27.13,4096.0,4096.0,220,220,running,running,97.63,93.97,1165.86,1165.86,7.57,7.57,15392.21,15392.21,15,15,running,running,5.44,4.17,132.45,132.45,3.23,3.23,4096.0,4096.0,19,19,running,running,0.17,0.19,136.71,136.71,6.68,6.68,2048.0,2048.0,18,18,running,running,0.16,0.15,81.77,81.81,0.53,0.53,15392.21,15392.21,3,3,running,running,,,,,,,,,,,,,0.34,0.35,613.99,613.99,3.99,3.99,15392.21,15392.21,36,36,running,running,0.0,0.0,183.32,183.32,1.19,1.19,15392.21,15392.21,8,8,running,running,0.0,0.0,42.61,42.61,0.28,0.28,15392.21,15392.21,12,12,running,running,0.0,0.0,46.0,46.0,0.3,0.3,15392.21,15392.21,10,10,running,running
2026-06-07T03:38:38.420488,2026-06-07T03:38:38.420488,2026-06-07T03:38:42.156358,1.0000000000;0.0000000000;0.0000000000;5.5163459778;0.0000000000;-1.0000000000;0.0000000000;24.4820480347;0.0000000000;0.0000000000;-1.0000000000;140.3846702576;0.0000000000;0.0000000000;0.0000000000;1.0000000000,1.0000000000;0.0000000000;0.0000000000;5.5163459778;0.0000000000;-1.0000000000;0.0000000000;24.4820480347;0.0000000000;0.0000000000;-1.0000000000;140.3846702576;0.0000000000;0.0000000000;0.0000000000;1.0000000000,3.736,2026-06-07T03:38:38.619409,2026-06-07T03:38:42.427620,2026-06-07T03:38:31.762267,2026-06-07T03:38:31.762267,10,10,221.73,221.73,2953.39,2953.39,19.19,19.19,15392.21,15392.21,164,164,running,running,263.13,263.13,1114.88,1114.88,27.22,27.22,4096.0,4096.0,223,223,running,running,95.08,95.08,1190.29,1190.29,7.73,7.73,15392.21,15392.21,15,15,running,running,4.77,4.77,132.45,132.45,3.23,3.23,4096.0,4096.0,19,19,running,running,0.08,0.08,136.72,136.72,6.68,6.68,2048.0,2048.0,18,18,running,running,0.89,0.89,82.07,82.07,0.53,0.53,15392.21,15392.21,3,3,running,running,,,,,,,,,,,,,0.3,0.3,614.0,614.0,3.99,3.99,15392.21,15392.21,36,36,running,running,22.84,22.84,183.38,183.38,1.19,1.19,15392.21,15392.21,8,8,running,running,0.0,0.0,42.61,42.61,0.28,0.28,15392.21,15392.21,12,12,running,running,0.0,0.0,46.0,46.0,0.3,0.3,15392.21,15392.21,10,10,running,running
2026-06-07T03:39:21.134645,2026-06-07T03:39:21.134645,2026-06-07T03:39:23.634405,1.0000000000;0.0000000000;0.0000000000;5.5163459778;0.0000000000;-1.0000000000;0.0000000000;24.4820480347;0.0000000000;0.0000000000;-1.0000000000;120.3746702576;0.0000000000;0.0000000000;0.0000000000;1.0000000000,1.0000000000;0.0000000000;0.0000000000;5.5163459778;0.0000000000;-1.0000000000;0.0000000000;24.4820480347;0.0000000000;0.0000000000;-1.0000000000;120.3746702576;0.0000000000;0.0000000000;0.0000000000;1.0000000000,2.500,2026-06-07T03:39:21.477322,2026-06-07T03:39:23.802864,2026-06-07T03:39:10.158862,2026-06-07T03:39:10.158862,10,10,148.27,148.27,2956.87,2956.87,19.21,19.21,15392.21,15392.21,164,164,running,running,506.29,506.29,1118.31,1118.31,27.3,27.3,4096.0,4096.0,225,225,running,running,98.37,98.37,1209.56,1209.56,7.86,7.86,15392.21,15392.21,15,15,running,running,3.93,3.93,132.49,132.49,3.23,3.23,4096.0,4096.0,19,19,running,running,0.04,0.04,136.72,136.72,6.68,6.68,2048.0,2048.0,18,18,running,running,0.5,0.5,81.87,81.87,0.53,0.53,15392.21,15392.21,3,3,running,running,,,,,,,,,,,,,0.3,0.3,614.0,614.0,3.99,3.99,15392.21,15392.21,36,36,running,running,0.0,0.0,183.36,183.36,1.19,1.19,15392.21,15392.21,8,8,running,running,0.0,0.0,42.61,42.61,0.28,0.28,15392.21,15392.21,12,12,running,running,0.0,0.0,46.01,46.01,0.3,0.3,15392.21,15392.21,10,10,running,running
2026-06-07T03:39:29.670145,2026-06-07T03:39:29.670145,2026-06-07T03:48:24.423960,1.0000000000;0.0000000000;0.0000000000;5.5163459778;0.0000000000;-1.0000000000;0.0000000000;24.4820480347;0.0000000000;0.0000000000;-1.0000000000;100.3846702576;0.0000000000;0.0000000000;0.0000000000;1.0000000000,-1.0000000000;0.0000000000;-0.0000000000;0.0000000000;0.0000000000;1.0000000000;0.0000000000;0.0000000000;0.0000000000;0.0000000000;-1.0000000000;110.0000000000;0.0000000000;0.0000000000;0.0000000000;1.0000000000,534.754,2026-06-07T03:39:30.201110,2026-06-07T03:48:24.950524,2026-06-07T03:39:10.158862,2026-06-07T03:48:22.326507,10,10,148.27,129.54,2956.87,1588.18,19.21,10.32,15392.21,15392.21,164,171,running,running,506.29,217.91,1118.31,645.61,27.3,15.76,4096.0,4096.0,225,219,running,running,98.37,1.82,1209.56,281.01,7.86,1.83,15392.21,15392.21,15,15,running,running,3.93,3.79,132.49,84.29,3.23,2.06,4096.0,4096.0,19,19,running,running,0.04,0.07,136.72,76.52,6.68,3.74,2048.0,2048.0,18,18,running,running,0.5,0.09,81.87,44.59,0.53,0.29,15392.21,15392.21,3,3,running,running,,,,,,,,,,,,,0.3,0.26,614.0,614.02,3.99,3.99,15392.21,15392.21,36,36,running,running,0.0,0.0,183.36,183.3,1.19,1.19,15392.21,15392.21,8,8,running,running,0.0,0.0,42.61,42.61,0.28,0.28,15392.21,15392.21,12,12,running,running,0.0,0.0,46.01,46.11,0.3,0.3,15392.21,15392.21,10,10,running,running
2026-06-07T03:44:58.828319,2026-06-07T03:44:58.828319,2026-06-07T03:45:10.394656,1.0000000000;0.0000000000;0.0000000000;5.5163459778;0.0000000000;-1.0000000000;0.0000000000;24.4820480347;0.0000000000;0.0000000000;-1.0000000000;120.3746702576;0.0000000000;0.0000000000;0.0000000000;1.0000000000,1.0000000000;0.0000000000;0.0000000000;5.5163459778;0.0000000000;-1.0000000000;0.0000000000;24.4820480347;0.0000000000;0.0000000000;-1.0000000000;180.3846702576;0.0000000000;0.0000000000;0.0000000000;1.0000000000,11.566,2026-06-07T03:44:59.054029,2026-06-07T03:45:11.011339,2026-06-07T03:44:44.044659,2026-06-07T03:45:04.273029,10,10,237.55,251.2,2959.62,2958.99,19.23,19.22,15392.21,15392.21,164,164,running,running,234.08,227.15,1103.4,1103.68,26.94,26.95,4096.0,4096.0,219,219,running,running,97.63,99.37,1209.55,1209.55,7.86,7.86,15392.21,15392.21,15,15,running,running,4.14,4.75,132.49,132.49,3.23,3.23,4096.0,4096.0,19,19,running,running,0.08,0.03,136.72,136.72,6.68,6.68,2048.0,2048.0,18,18,running,running,0.1,0.09,82.32,82.08,0.53,0.53,15392.21,15392.21,3,3,running,running,,,,,,,,,,,,,0.29,0.26,614.0,614.0,3.99,3.99,15392.21,15392.21,36,36,running,running,0.0,0.0,183.29,183.3,1.19,1.19,15392.21,15392.21,8,8,running,running,0.0,0.0,42.61,42.61,0.28,0.28,15392.21,15392.21,12,12,running,running,0.0,0.0,46.1,46.1,0.3,0.3,15392.21,15392.21,10,10,running,running
2026-06-07T03:45:02.023887,2026-06-07T03:45:02.023887,2026-06-07T03:45:02.392146,1.0000000000;0.0000000000;0.0000000000;5.5163459778;0.0000000000;-1.0000000000;0.0000000000;24.4820480347;0.0000000000;0.0000000000;-1.0000000000;140.3846702576;0.0000000000;0.0000000000;0.0000000000;1.0000000000,1.0000000000;0.0000000000;0.0000000000;5.5163459778;0.0000000000;-1.0000000000;0.0000000000;24.4820480347;0.0000000000;0.0000000000;-1.0000000000;140.3846702576;0.0000000000;0.0000000000;0.0000000000;1.0000000000,0.368,2026-06-07T03:45:02.381655,2026-06-07T03:45:03.078788,2026-06-07T03:44:44.044659,2026-06-07T03:44:44.044659,10,10,237.55,237.55,2959.62,2959.62,19.23,19.23,15392.21,15392.21,164,164,running,running,234.08,234.08,1103.4,1103.4,26.94,26.94,4096.0,4096.0,219,219,running,running,97.63,97.63,1209.55,1209.55,7.86,7.86,15392.21,15392.21,15,15,running,running,4.14,4.14,132.49,132.49,3.23,3.23,4096.0,4096.0,19,19,running,running,0.08,0.08,136.72,136.72,6.68,6.68,2048.0,2048.0,18,18,running,running,0.1,0.1,82.32,82.32,0.53,0.53,15392.21,15392.21,3,3,running,running,,,,,,,,,,,,,0.29,0.29,614.0,614.0,3.99,3.99,15392.21,15392.21,36,36,running,running,0.0,0.0,183.29,183.29,1.19,1.19,15392.21,15392.21,8,8,running,running,0.0,0.0,42.61,42.61,0.28,0.28,15392.21,15392.21,12,12,running,running,0.0,0.0,46.1,46.1,0.3,0.3,15392.21,15392.21,10,10,running,running
2026-06-07T03:45:04.799104,2026-06-07T03:45:04.799104,2026-06-07T03:45:09.665791,1.0000000000;0.0000000000;0.0000000000;5.5163459778;0.0000000000;-1.0000000000;0.0000000000;24.4820480347;0.0000000000;0.0000000000;-1.0000000000;160.3746702576;0.0000000000;0.0000000000;0.0000000000;1.0000000000,1.0000000000;0.0000000000;0.0000000000;5.5163459778;0.0000000000;-1.0000000000;0.0000000000;24.4820480347;0.0000000000;0.0000000000;-1.0000000000;180.3846702576;0.0000000000;0.0000000000;0.0000000000;1.0000000000,4.867,2026-06-07T03:45:05.434990,2026-06-07T03:45:10.319356,2026-06-07T03:45:04.273029,2026-06-07T03:45:04.273029,10,10,251.2,251.2,2958.99,2958.99,19.22,19.22,15392.21,15392.21,164,164,running,running,227.15,227.15,1103.68,1103.68,26.95,26.95,4096.0,4096.0,219,219,running,running,99.37,99.37,1209.55,1209.55,7.86,7.86,15392.21,15392.21,15,15,running,running,4.75,4.75,132.49,132.49,3.23,3.23,4096.0,4096.0,19,19,running,running,0.03,0.03,136.72,136.72,6.68,6.68,2048.0,2048.0,18,18,running,running,0.09,0.09,82.08,82.08,0.53,0.53,15392.21,15392.21,3,3,running,running,,,,,,,,,,,,,0.26,0.26,614.0,614.0,3.99,3.99,15392.21,15392.21,36,36,running,running,0.0,0.0,183.3,183.3,1.19,1.19,15392.21,15392.21,8,8,running,running,0.0,0.0,42.61,42.61,0.28,0.28,15392.21,15392.21,12,12,running,running,0.0,0.0,46.1,46.1,0.3,0.3,15392.21,15392.21,10,10,running,running
2026-06-07T03:45:06.737628,2026-06-07T03:45:06.737628,2026-06-07T03:45:07.766723,1.0000000000;0.0000000000;0.0000000000;5.5163459778;0.0000000000;-1.0000000000;0.0000000000;24.4820480347;0.0000000000;0.0000000000;-1.0000000000;180.3846702576;0.0000000000;0.0000000000;0.0000000000;1.0000000000,1.0000000000;0.0000000000;0.0000000000;5.5163459778;0.0000000000;-1.0000000000;0.0000000000;24.4820480347;0.0000000000;0.0000000000;-1.0000000000;180.3846702576;0.0000000000;0.0000000000;0.0000000000;1.0000000000,1.029,2026-06-07T03:45:07.279568,2026-06-07T03:45:07.979763,2026-06-07T03:45:04.273029,2026-06-07T03:45:04.273029,10,10,251.2,251.2,2958.99,2958.99,19.22,19.22,15392.21,15392.21,164,164,running,running,227.15,227.15,1103.68,1103.68,26.95,26.95,4096.0,4096.0,219,219,running,running,99.37,99.37,1209.55,1209.55,7.86,7.86,15392.21,15392.21,15,15,running,running,4.75,4.75,132.49,132.49,3.23,3.23,4096.0,4096.0,19,19,running,running,0.03,0.03,136.72,136.72,6.68,6.68,2048.0,2048.0,18,18,running,running,0.09,0.09,82.08,82.08,0.53,0.53,15392.21,15392.21,3,3,running,running,,,,,,,,,,,,,0.26,0.26,614.0,614.0,3.99,3.99,15392.21,15392.21,36,36,running,running,0.0,0.0,183.3,183.3,1.19,1.19,15392.21,15392.21,8,8,running,running,0.0,0.0,42.61,42.61,0.28,0.28,15392.21,15392.21,12,12,running,running,0.0,0.0,46.1,46.1,0.3,0.3,15392.21,15392.21,10,10,running,running
2026-06-07T03:48:20.991013,2026-06-07T03:48:20.991013,2026-06-07T03:48:23.301213,-1.0000000000;0.0000000000;-0.0000000000;0.0000000000;0.0000000000;1.0000000000;0.0000000000;0.0000000000;0.0000000000;0.0000000000;-1.0000000000;110.0000000000;0.0000000000;0.0000000000;0.0000000000;1.0000000000,-1.0000000000;0.0000000000;-0.0000000000;0.0000000000;0.0000000000;1.0000000000;0.0000000000;0.0000000000;0.0000000000;0.0000000000;-1.0000000000;110.0000000000;0.0000000000;0.0000000000;0.0000000000;1.0000000000,2.310,2026-06-07T03:48:21.263095,2026-06-07T03:48:23.612595,2026-06-07T03:48:06.052586,2026-06-07T03:48:22.326507,10,10,135.32,129.54,917.08,1588.18,5.96,10.32,15392.21,15392.21,181,171,running,running,234.17,217.91,645.32,645.61,15.75,15.76,4096.0,4096.0,219,219,running,running,3.8,1.82,240.23,281.01,1.56,1.83,15392.21,15392.21,12,15,running,running,4.4,3.79,84.28,84.29,2.06,2.06,4096.0,4096.0,19,19,running,running,0.16,0.07,76.51,76.52,3.74,3.74,2048.0,2048.0,18,18,running,running,0.1,0.09,44.59,44.59,0.29,0.29,15392.21,15392.21,3,3,running,running,,,,,,,,,,,,,0.24,0.26,614.01,614.02,3.99,3.99,15392.21,15392.21,36,36,running,running,0.0,0.0,183.3,183.3,1.19,1.19,15392.21,15392.21,8,8,running,running,0.0,0.0,42.61,42.61,0.28,0.28,15392.21,15392.21,12,12,running,running,0.0,0.0,46.11,46.11,0.3,0.3,15392.21,15392.21,10,10,running,running
2026-06-07T03:50:55.113800,2026-06-07T03:50:55.113800,2026-06-07T03:51:01.686403,-1.0000000000;0.0000000000;-0.0000000000;0.0000000000;0.0000000000;1.0000000000;0.0000000000;0.0000000000;0.0000000000;0.0000000000;-1.0000000000;111.5755369975;0.0000000000;0.0000000000;0.0000000000;1.0000000000,-1.0000000000;0.0000000000;-0.0000000000;0.0000000000;0.0000000000;1.0000000000;0.0000000000;0.0000000000;0.0000000000;0.0000000000;-1.0000000000;219.3876119678;0.0000000000;0.0000000000;0.0000000000;1.0000000000,6.573,2026-06-07T03:50:55.495712,2026-06-07T03:51:01.969706,2026-06-07T03:50:37.991138,2026-06-07T03:50:57.403139,10,10,257.96,225.83,2313.3,2313.65,15.03,15.03,15392.21,15392.21,173,173,running,running,239.31,258.24,671.99,672.52,16.41,16.42,4096.0,4096.0,220,220,running,running,100.41,100.76,626.48,626.48,4.07,4.07,15392.21,15392.21,15,15,running,running,5.14,5.38,84.53,84.53,2.06,2.06,4096.0,4096.0,19,19,running,running,0.09,0.08,76.59,76.59,3.74,3.74,2048.0,2048.0,18,18,running,running,0.12,0.12,44.73,44.74,0.29,0.29,15392.21,15392.21,3,3,running,running,,,,,,,,,,,,,0.28,0.3,614.02,614.02,3.99,3.99,15392.21,15392.21,36,36,running,running,0.0,17.25,183.32,183.34,1.19,1.19,15392.21,15392.21,8,8,running,running,0.0,0.0,42.61,42.56,0.28,0.28,15392.21,15392.21,12,10,running,running,0.0,0.0,46.21,46.21,0.3,0.3,15392.21,15392.21,10,10,running,running
2026-06-07T03:50:56.424088,2026-06-07T03:50:56.424088,2026-06-07T03:50:57.884250,-1.0000000000;0.0000000000;-0.0000000000;0.0000000000;0.0000000000;1.0000000000;0.0000000000;0.0000000000;0.0000000000;0.0000000000;-1.0000000000;207.9068079406;0.0000000000;0.0000000000;0.0000000000;1.0000000000,-1.0000000000;0.0000000000;-0.0000000000;0.0000000000;0.0000000000;1.0000000000;0.0000000000;0.0000000000;0.0000000000;0.0000000000;-1.0000000000;207.9068079406;0.0000000000;0.0000000000;0.0000000000;1.0000000000,1.460,2026-06-07T03:50:56.801388,2026-06-07T03:50:58.122427,2026-06-07T03:50:37.991138,2026-06-07T03:50:57.403139,10,10,257.96,225.83,2313.3,2313.65,15.03,15.03,15392.21,15392.21,173,173,running,running,239.31,258.24,671.99,672.52,16.41,16.42,4096.0,4096.0,220,220,running,running,100.41,100.76,626.48,626.48,4.07,4.07,15392.21,15392.21,15,15,running,running,5.14,5.38,84.53,84.53,2.06,2.06,4096.0,4096.0,19,19,running,running,0.09,0.08,76.59,76.59,3.74,3.74,2048.0,2048.0,18,18,running,running,0.12,0.12,44.73,44.74,0.29,0.29,15392.21,15392.21,3,3,running,running,,,,,,,,,,,,,0.28,0.3,614.02,614.02,3.99,3.99,15392.21,15392.21,36,36,running,running,0.0,17.25,183.32,183.34,1.19,1.19,15392.21,15392.21,8,8,running,running,0.0,0.0,42.61,42.56,0.28,0.28,15392.21,15392.21,12,10,running,running,0.0,0.0,46.21,46.21,0.3,0.3,15392.21,15392.21,10,10,running,running
2026-06-07T03:50:58.940451,2026-06-07T03:50:58.940451,2026-06-07T03:51:00.694978,-1.0000000000;0.0000000000;-0.0000000000;0.0000000000;0.0000000000;1.0000000000;0.0000000000;0.0000000000;0.0000000000;0.0000000000;-1.0000000000;219.3876119678;0.0000000000;0.0000000000;0.0000000000;1.0000000000,-1.0000000000;0.0000000000;-0.0000000000;0.0000000000;0.0000000000;1.0000000000;0.0000000000;0.0000000000;0.0000000000;0.0000000000;-1.0000000000;219.3876119678;0.0000000000;0.0000000000;0.0000000000;1.0000000000,1.755,2026-06-07T03:50:59.453896,2026-06-07T03:51:01.273347,2026-06-07T03:50:57.403139,2026-06-07T03:50:57.403139,10,10,225.83,225.83,2313.65,2313.65,15.03,15.03,15392.21,15392.21,173,173,running,running,258.24,258.24,672.52,672.52,16.42,16.42,4096.0,4096.0,220,220,running,running,100.76,100.76,626.48,626.48,4.07,4.07,15392.21,15392.21,15,15,running,running,5.38,5.38,84.53,84.53,2.06,2.06,4096.0,4096.0,19,19,running,running,0.08,0.08,76.59,76.59,3.74,3.74,2048.0,2048.0,18,18,running,running,0.12,0.12,44.74,44.74,0.29,0.29,15392.21,15392.21,3,3,running,running,,,,,,,,,,,,,0.3,0.3,614.02,614.02,3.99,3.99,15392.21,15392.21,36,36,running,running,17.25,17.25,183.34,183.34,1.19,1.19,15392.21,15392.21,8,8,running,running,0.0,0.0,42.56,42.56,0.28,0.28,15392.21,15392.21,10,10,running,running,0.0,0.0,46.21,46.21,0.3,0.3,15392.21,15392.21,10,10,running,running
2026-06-07T03:51:40.501947,2026-06-07T03:51:40.501947,2026-06-07T03:51:43.566567,-1.0000000000;0.0000000000;-0.0000000000;0.0000000000;0.0000000000;1.0000000000;0.0000000000;0.0000000000;0.0000000000;0.0000000000;-1.0000000000;210.0245172092;0.0000000000;0.0000000000;0.0000000000;1.0000000000,-1.0000000000;0.0000000000;-0.0000000000;0.0000000000;0.0000000000;1.0000000000;0.0000000000;0.0000000000;0.0000000000;0.0000000000;-1.0000000000;204.3891770470;0.0000000000;0.0000000000;0.0000000000;1.0000000000,3.065,2026-06-07T03:51:41.124733,2026-06-07T03:51:43.840166,2026-06-07T03:51:36.160534,2026-06-07T03:51:36.160534,10,10,240.32,240.32,2325.62,2325.62,15.11,15.11,15392.21,15392.21,176,176,running,running,245.93,245.93,686.89,686.89,16.77,16.77,4096.0,4096.0,221,221,running,running,100.77,100.77,633.2,633.2,4.11,4.11,15392.21,15392.21,15,15,running,running,5.4,5.4,84.6,84.6,2.07,2.07,4096.0,4096.0,19,19,running,running,0.09,0.09,76.6,76.6,3.74,3.74,2048.0,2048.0,18,18,running,running,0.12,0.12,44.79,44.79,0.29,0.29,15392.21,15392.21,3,3,running,running,,,,,,,,,,,,,0.35,0.35,614.02,614.02,3.99,3.99,15392.21,15392.21,36,36,running,running,0.0,0.0,183.33,183.33,1.19,1.19,15392.21,15392.21,8,8,running,running,0.0,0.0,42.56,42.56,0.28,0.28,15392.21,15392.21,10,10,running,running,0.0,0.0,46.21,46.21,0.3,0.3,15392.21,15392.21,10,10,running,running
2026-06-07T03:51:41.537159,2026-06-07T03:51:41.537159,2026-06-07T03:51:42.784007,-1.0000000000;0.0000000000;-0.0000000000;0.0000000000;0.0000000000;1.0000000000;0.0000000000;0.0000000000;0.0000000000;0.0000000000;-1.0000000000;204.3891770470;0.0000000000;0.0000000000;0.0000000000;1.0000000000,-1.0000000000;0.0000000000;-0.0000000000;0.0000000000;0.0000000000;1.0000000000;0.0000000000;0.0000000000;0.0000000000;0.0000000000;-1.0000000000;204.3891770470;0.0000000000;0.0000000000;0.0000000000;1.0000000000,1.247,2026-06-07T03:51:41.807993,2026-06-07T03:51:43.136233,2026-06-07T03:51:36.160534,2026-06-07T03:51:36.160534,10,10,240.32,240.32,2325.62,2325.62,15.11,15.11,15392.21,15392.21,176,176,running,running,245.93,245.93,686.89,686.89,16.77,16.77,4096.0,4096.0,221,221,running,running,100.77,100.77,633.2,633.2,4.11,4.11,15392.21,15392.21,15,15,running,running,5.4,5.4,84.6,84.6,2.07,2.07,4096.0,4096.0,19,19,running,running,0.09,0.09,76.6,76.6,3.74,3.74,2048.0,2048.0,18,18,running,running,0.12,0.12,44.79,44.79,0.29,0.29,15392.21,15392.21,3,3,running,running,,,,,,,,,,,,,0.35,0.35,614.02,614.02,3.99,3.99,15392.21,15392.21,36,36,running,running,0.0,0.0,183.33,183.33,1.19,1.19,15392.21,15392.21,8,8,running,running,0.0,0.0,42.56,42.56,0.28,0.28,15392.21,15392.21,10,10,running,running,0.0,0.0,46.21,46.21,0.3,0.3,15392.21,15392.21,10,10,running,running
2026-06-07T03:52:33.110972,2026-06-07T03:52:33.110972,2026-06-07T03:52:38.195167,-1.0000000000;0.0000000000;-0.0000000000;0.0000000000;0.0000000000;1.0000000000;0.0000000000;0.0000000000;0.0000000000;0.0000000000;-1.0000000000;164.2645746194;0.0000000000;0.0000000000;0.0000000000;1.0000000000,-1.0000000000;0.0000000000;-0.0000000000;0.0000000000;0.0000000000;1.0000000000;0.0000000000;0.0000000000;0.0000000000;0.0000000000;-1.0000000000;140.3622575241;0.0000000000;0.0000000000;0.0000000000;1.0000000000,5.084,2026-06-07T03:52:33.240806,2026-06-07T03:52:38.637806,2026-06-07T03:52:13.959857,2026-06-07T03:52:34.334075,10,10,261.58,259.06,2328.27,2323.98,15.13,15.1,15392.21,15392.21,176,164,running,running,226.33,239.82,640.1,639.29,15.63,15.61,4096.0,4096.0,193,189,running,running,102.74,102.35,640.42,640.42,4.16,4.16,15392.21,15392.21,15,15,running,running,4.27,4.85,84.6,84.6,2.07,2.07,4096.0,4096.0,19,19,running,running,0.07,0.08,76.62,76.62,3.74,3.74,2048.0,2048.0,18,18,running,running,0.13,0.12,44.85,44.88,0.29,0.29,15392.21,15392.21,3,3,running,running,,,,,,,,,,,,,0.28,0.36,614.02,614.02,3.99,3.99,15392.21,15392.21,36,36,running,running,0.0,0.0,183.34,183.34,1.19,1.19,15392.21,15392.21,8,8,running,running,0.0,0.0,42.56,42.56,0.28,0.28,15392.21,15392.21,10,10,running,running,0.0,0.0,46.21,46.21,0.3,0.3,15392.21,15392.21,10,10,running,running
2026-06-07T03:52:33.951502,2026-06-07T03:52:33.951502,2026-06-07T03:52:34.988032,-1.0000000000;0.0000000000;-0.0000000000;0.0000000000;0.0000000000;1.0000000000;0.0000000000;0.0000000000;0.0000000000;0.0000000000;-1.0000000000;138.8819858648;0.0000000000;0.0000000000;0.0000000000;1.0000000000,-1.0000000000;0.0000000000;-0.0000000000;0.0000000000;0.0000000000;1.0000000000;0.0000000000;0.0000000000;0.0000000000;0.0000000000;-1.0000000000;138.8819858648;0.0000000000;0.0000000000;0.0000000000;1.0000000000,1.037,2026-06-07T03:52:34.582745,2026-06-07T03:52:35.279359,2026-06-07T03:52:34.334075,2026-06-07T03:52:34.334075,10,10,259.06,259.06,2323.98,2323.98,15.1,15.1,15392.21,15392.21,164,164,running,running,239.82,239.82,639.29,639.29,15.61,15.61,4096.0,4096.0,189,189,running,running,102.35,102.35,640.42,640.42,4.16,4.16,15392.21,15392.21,15,15,running,running,4.85,4.85,84.6,84.6,2.07,2.07,4096.0,4096.0,19,19,running,running,0.08,0.08,76.62,76.62,3.74,3.74,2048.0,2048.0,18,18,running,running,0.12,0.12,44.88,44.88,0.29,0.29,15392.21,15392.21,3,3,running,running,,,,,,,,,,,,,0.36,0.36,614.02,614.02,3.99,3.99,15392.21,15392.21,36,36,running,running,0.0,0.0,183.34,183.34,1.19,1.19,15392.21,15392.21,8,8,running,running,0.0,0.0,42.56,42.56,0.28,0.28,15392.21,15392.21,10,10,running,running,0.0,0.0,46.21,46.21,0.3,0.3,15392.21,15392.21,10,10,running,running
2026-06-07T03:52:35.693946,2026-06-07T03:52:35.693946,2026-06-07T03:52:36.708497,-1.0000000000;0.0000000000;-0.0000000000;0.0000000000;0.0000000000;1.0000000000;0.0000000000;0.0000000000;0.0000000000;0.0000000000;-1.0000000000;140.3622575241;0.0000000000;0.0000000000;0.0000000000;1.0000000000,-1.0000000000;0.0000000000;-0.0000000000;0.0000000000;0.0000000000;1.0000000000;0.0000000000;0.0000000000;0.0000000000;0.0000000000;-1.0000000000;140.3622575241;0.0000000000;0.0000000000;0.0000000000;1.0000000000,1.015,2026-06-07T03:52:35.988933,2026-06-07T03:52:37.304443,2026-06-07T03:52:34.334075,2026-06-07T03:52:34.334075,10,10,259.06,259.06,2323.98,2323.98,15.1,15.1,15392.21,15392.21,164,164,running,running,239.82,239.82,639.29,639.29,15.61,15.61,4096.0,4096.0,189,189,running,running,102.35,102.35,640.42,640.42,4.16,4.16,15392.21,15392.21,15,15,running,running,4.85,4.85,84.6,84.6,2.07,2.07,4096.0,4096.0,19,19,running,running,0.08,0.08,76.62,76.62,3.74,3.74,2048.0,2048.0,18,18,running,running,0.12,0.12,44.88,44.88,0.29,0.29,15392.21,15392.21,3,3,running,running,,,,,,,,,,,,,0.36,0.36,614.02,614.02,3.99,3.99,15392.21,15392.21,36,36,running,running,0.0,0.0,183.34,183.34,1.19,1.19,15392.21,15392.21,8,8,running,running,0.0,0.0,42.56,42.56,0.28,0.28,15392.21,15392.21,10,10,running,running,0.0,0.0,46.21,46.21,0.3,0.3,15392.21,15392.21,10,10,running,running
2026-06-07T03:57:11.180015,2026-06-07T03:57:11.180015,2026-06-07T03:57:13.639507,-1.0000000000;0.0000000000;-0.0000000000;0.0000000000;0.0000000000;1.0000000000;0.0000000000;0.0000000000;0.0000000000;0.0000000000;-1.0000000000;110.0000000000;0.0000000000;0.0000000000;0.0000000000;1.0000000000,-1.0000000000;0.0000000000;-0.0000000000;0.0000000000;0.0000000000;1.0000000000;0.0000000000;0.0000000000;0.0000000000;0.0000000000;-1.0000000000;110.0000000000;0.0000000000;0.0000000000;0.0000000000;1.0000000000,2.459,2026-06-07T03:57:11.628815,2026-06-07T03:57:13.972955,2026-06-07T03:56:54.715035,2026-06-07T03:56:54.715035,10,10,4.75,4.75,994.36,994.36,6.46,6.46,15392.21,15392.21,173,173,running,running,244.33,244.33,645.29,645.29,15.75,15.75,4096.0,4096.0,218,218,running,running,2.7,2.7,240.18,240.18,1.56,1.56,15392.21,15392.21,12,12,running,running,5.75,5.75,84.35,84.35,2.06,2.06,4096.0,4096.0,19,19,running,running,0.06,0.06,76.57,76.57,3.74,3.74,2048.0,2048.0,18,18,running,running,0.08,0.08,44.84,44.84,0.29,0.29,15392.21,15392.21,3,3,running,running,,,,,,,,,,,,,0.24,0.24,614.02,614.02,3.99,3.99,15392.21,15392.21,36,36,running,running,3.72,3.72,183.33,183.33,1.19,1.19,15392.21,15392.21,8,8,running,running,0.0,0.0,42.56,42.56,0.28,0.28,15392.21,15392.21,10,10,running,running,0.0,0.0,46.21,46.21,0.3,0.3,15392.21,15392.21,10,10,running,running
2026-06-07T03:57:20.680722,2026-06-07T03:57:20.680722,2026-06-07T03:57:23.832589,-1.0000000000;0.0000000000;-0.0000000000;0.0000000000;0.0000000000;1.0000000000;0.0000000000;0.0000000000;0.0000000000;0.0000000000;-1.0000000000;112.5972542767;0.0000000000;0.0000000000;0.0000000000;1.0000000000,-1.0000000000;0.0000000000;-0.0000000000;0.0000000000;0.0000000000;1.0000000000;0.0000000000;0.0000000000;0.0000000000;0.0000000000;-1.0000000000;237.6808353202;0.0000000000;0.0000000000;0.0000000000;1.0000000000,3.152,2026-06-07T03:57:20.883057,2026-06-07T03:57:24.253998,2026-06-07T03:57:14.047275,2026-06-07T03:57:14.047275,10,10,69.12,69.12,1180.4,1180.4,7.67,7.67,15392.21,15392.21,171,171,running,running,256.32,256.32,645.3,645.3,15.75,15.75,4096.0,4096.0,218,218,running,running,1.86,1.86,280.95,280.95,1.83,1.83,15392.21,15392.21,15,15,running,running,4.63,4.63,84.36,84.36,2.06,2.06,4096.0,4096.0,19,19,running,running,0.08,0.08,76.58,76.58,3.74,3.74,2048.0,2048.0,18,18,running,running,0.08,0.08,44.86,44.86,0.29,0.29,15392.21,15392.21,3,3,running,running,,,,,,,,,,,,,0.23,0.23,614.03,614.03,3.99,3.99,15392.21,15392.21,36,36,running,running,18.93,18.93,183.33,183.33,1.19,1.19,15392.21,15392.21,8,8,running,running,0.0,0.0,42.56,42.56,0.28,0.28,15392.21,15392.21,10,10,running,running,0.0,0.0,46.21,46.21,0.3,0.3,15392.21,15392.21,10,10,running,running
2026-06-07T03:57:21.513967,2026-06-07T03:57:21.513967,2026-06-07T03:57:22.647438,-1.0000000000;0.0000000000;-0.0000000000;0.0000000000;0.0000000000;1.0000000000;0.0000000000;0.0000000000;0.0000000000;0.0000000000;-1.0000000000;237.6808353202;0.0000000000;0.0000000000;0.0000000000;1.0000000000,-1.0000000000;0.0000000000;-0.0000000000;0.0000000000;0.0000000000;1.0000000000;0.0000000000;0.0000000000;0.0000000000;0.0000000000;-1.0000000000;237.6808353202;0.0000000000;0.0000000000;0.0000000000;1.0000000000,1.133,2026-06-07T03:57:21.572706,2026-06-07T03:57:22.919812,2026-06-07T03:57:14.047275,2026-06-07T03:57:14.047275,10,10,69.12,69.12,1180.4,1180.4,7.67,7.67,15392.21,15392.21,171,171,running,running,256.32,256.32,645.3,645.3,15.75,15.75,4096.0,4096.0,218,218,running,running,1.86,1.86,280.95,280.95,1.83,1.83,15392.21,15392.21,15,15,running,running,4.63,4.63,84.36,84.36,2.06,2.06,4096.0,4096.0,19,19,running,running,0.08,0.08,76.58,76.58,3.74,3.74,2048.0,2048.0,18,18,running,running,0.08,0.08,44.86,44.86,0.29,0.29,15392.21,15392.21,3,3,running,running,,,,,,,,,,,,,0.23,0.23,614.03,614.03,3.99,3.99,15392.21,15392.21,36,36,running,running,18.93,18.93,183.33,183.33,1.19,1.19,15392.21,15392.21,8,8,running,running,0.0,0.0,42.56,42.56,0.28,0.28,15392.21,15392.21,10,10,running,running,0.0,0.0,46.21,46.21,0.3,0.3,15392.21,15392.21,10,10,running,running
2026-06-07T05:04:15.647969,2026-06-07T05:04:15.647969,2026-06-07T05:04:21.147076,-1.0000000000;0.0000000000;-0.0000000000;0.0000000000;0.0000000000;1.0000000000;0.0000000000;0.0000000000;0.0000000000;0.0000000000;-1.0000000000;217.1038989087;0.0000000000;0.0000000000;0.0000000000;1.0000000000,-1.0000000000;0.0000000000;-0.0000000000;0.0000000000;0.0000000000;1.0000000000;0.0000000000;0.0000000000;0.0000000000;0.0000000000;-1.0000000000;217.1038989087;0.0000000000;0.0000000000;0.0000000000;1.0000000000,5.499,2026-06-07T05:04:16.164189,2026-06-07T05:04:21.574059,2026-06-07T05:04:03.490243,2026-06-07T05:04:03.490243,10,10,269.26,269.26,2449.64,2449.64,15.91,15.91,15392.21,15392.21,164,164,running,running,217.15,217.15,669.71,669.71,16.35,16.35,4096.0,4096.0,214,214,running,running,100.95,100.95,690.45,690.45,4.49,4.49,15392.21,15392.21,15,15,running,running,4.67,4.67,84.72,84.72,2.07,2.07,4096.0,4096.0,19,19,running,running,0.15,0.15,67.82,67.82,3.31,3.31,2048.0,2048.0,18,18,running,running,0.09,0.09,46.62,46.62,0.3,0.3,15392.21,15392.21,3,3,running,running,,,,,,,,,,,,,0.36,0.36,614.57,614.57,3.99,3.99,15392.21,15392.21,36,36,running,running,0.0,0.0,183.47,183.47,1.19,1.19,15392.21,15392.21,8,8,running,running,0.0,0.0,42.56,42.56,0.28,0.28,15392.21,15392.21,10,10,running,running,0.0,0.0,46.29,46.29,0.3,0.3,15392.21,15392.21,10,10,running,running
2026-06-07T06:21:52.997713,2026-06-07T06:21:52.997713,2026-06-07T06:22:00.602252,-1.0000000000;0.0000000000;-0.0000000000;0.0000000000;0.0000000000;1.0000000000;0.0000000000;0.0000000000;0.0000000000;0.0000000000;-1.0000000000;201.1124086699;0.0000000000;0.0000000000;0.0000000000;1.0000000000,-1.0000000000;0.0000000000;-0.0000000000;0.0000000000;0.0000000000;1.0000000000;0.0000000000;0.0000000000;0.0000000000;0.0000000000;-1.0000000000;199.2260196055;0.0000000000;0.0000000000;0.0000000000;1.0000000000,7.605,2026-06-07T06:21:53.442782,2026-06-07T06:22:00.872007,2026-06-07T06:21:40.405613,2026-06-07T06:21:59.636805,10,10,262.1,258.63,2447.41,2447.57,15.9,15.9,15392.21,15392.21,164,164,running,running,210.42,224.6,632.34,632.85,15.44,15.45,4096.0,4096.0,199,199,running,running,102.5,105.2,699.64,699.64,4.55,4.55,15392.21,15392.21,15,15,running,running,3.78,5.73,84.72,84.72,2.07,2.07,4096.0,4096.0,19,19,running,running,0.06,0.06,68.23,68.23,3.33,3.33,2048.0,2048.0,18,18,running,running,0.15,0.17,46.7,46.69,0.3,0.3,15392.21,15392.21,3,3,running,running,,,,,,,,,,,,,0.25,0.22,614.61,614.61,3.99,3.99,15392.21,15392.21,36,36,running,running,15.24,0.0,183.48,183.41,1.19,1.19,15392.21,15392.21,8,8,running,running,0.0,0.0,42.56,42.56,0.28,0.28,15392.21,15392.21,10,10,running,running,0.0,0.0,46.38,46.38,0.3,0.3,15392.21,15392.21,10,10,running,running
2026-06-07T06:21:54.168118,2026-06-07T06:21:54.168118,2026-06-07T06:21:59.546039,-1.0000000000;0.0000000000;-0.0000000000;0.0000000000;0.0000000000;1.0000000000;0.0000000000;0.0000000000;0.0000000000;0.0000000000;-1.0000000000;199.2260196055;0.0000000000;0.0000000000;0.0000000000;1.0000000000,-1.0000000000;0.0000000000;-0.0000000000;0.0000000000;0.0000000000;1.0000000000;0.0000000000;0.0000000000;0.0000000000;0.0000000000;-1.0000000000;199.2260196055;0.0000000000;0.0000000000;0.0000000000;1.0000000000,5.378,2026-06-07T06:21:54.780023,2026-06-07T06:22:00.166611,2026-06-07T06:21:40.405613,2026-06-07T06:21:59.636805,10,10,262.1,258.63,2447.41,2447.57,15.9,15.9,15392.21,15392.21,164,164,running,running,210.42,224.6,632.34,632.85,15.44,15.45,4096.0,4096.0,199,199,running,running,102.5,105.2,699.64,699.64,4.55,4.55,15392.21,15392.21,15,15,running,running,3.78,5.73,84.72,84.72,2.07,2.07,4096.0,4096.0,19,19,running,running,0.06,0.06,68.23,68.23,3.33,3.33,2048.0,2048.0,18,18,running,running,0.15,0.17,46.7,46.69,0.3,0.3,15392.21,15392.21,3,3,running,running,,,,,,,,,,,,,0.25,0.22,614.61,614.61,3.99,3.99,15392.21,15392.21,36,36,running,running,15.24,0.0,183.48,183.41,1.19,1.19,15392.21,15392.21,8,8,running,running,0.0,0.0,42.56,42.56,0.28,0.28,15392.21,15392.21,10,10,running,running,0.0,0.0,46.38,46.38,0.3,0.3,15392.21,15392.21,10,10,running,running
2026-06-07T06:22:18.481044,2026-06-07T06:22:18.481044,2026-06-07T06:22:23.254441,-1.0000000000;0.0000000000;-0.0000000000;0.0000000000;0.0000000000;1.0000000000;0.0000000000;0.0000000000;0.0000000000;0.0000000000;-1.0000000000;184.8594757507;0.0000000000;0.0000000000;0.0000000000;1.0000000000,-1.0000000000;0.0000000000;-0.0000000000;0.0000000000;0.0000000000;1.0000000000;0.0000000000;0.0000000000;0.0000000000;0.0000000000;-1.0000000000;110.3742546590;0.0000000000;0.0000000000;0.0000000000;1.0000000000,4.773,2026-06-07T06:22:18.994968,2026-06-07T06:22:23.783627,2026-06-07T06:22:18.847748,2026-06-07T06:22:18.847748,10,10,271.62,271.62,2450.58,2450.58,15.92,15.92,15392.21,15392.21,164,164,running,running,205.21,205.21,633.39,633.39,15.46,15.46,4096.0,4096.0,199,199,running,running,102.31,102.31,715.73,715.73,4.65,4.65,15392.21,15392.21,15,15,running,running,4.11,4.11,84.73,84.73,2.07,2.07,4096.0,4096.0,19,19,running,running,0.11,0.11,68.35,68.35,3.34,3.34,2048.0,2048.0,18,18,running,running,0.13,0.13,46.69,46.69,0.3,0.3,15392.21,15392.21,3,3,running,running,,,,,,,,,,,,,0.27,0.27,614.61,614.61,3.99,3.99,15392.21,15392.21,36,36,running,running,0.0,0.0,183.41,183.41,1.19,1.19,15392.21,15392.21,8,8,running,running,0.0,0.0,42.56,42.56,0.28,0.28,15392.21,15392.21,10,10,running,running,0.0,0.0,46.38,46.38,0.3,0.3,15392.21,15392.21,10,10,running,running
2026-06-07T06:22:19.448424,2026-06-07T06:22:19.448424,2026-06-07T06:22:20.467368,-1.0000000000;0.0000000000;-0.0000000000;0.0000000000;0.0000000000;1.0000000000;0.0000000000;0.0000000000;0.0000000000;0.0000000000;-1.0000000000;113.3464314772;0.0000000000;0.0000000000;0.0000000000;1.0000000000,-1.0000000000;0.0000000000;-0.0000000000;0.0000000000;0.0000000000;1.0000000000;0.0000000000;0.0000000000;0.0000000000;0.0000000000;-1.0000000000;113.3464314772;0.0000000000;0.0000000000;0.0000000000;1.0000000000,1.019,2026-06-07T06:22:19.690224,2026-06-07T06:22:21.046133,2026-06-07T06:22:18.847748,2026-06-07T06:22:18.847748,10,10,271.62,271.62,2450.58,2450.58,15.92,15.92,15392.21,15392.21,164,164,running,running,205.21,205.21,633.39,633.39,15.46,15.46,4096.0,4096.0,199,199,running,running,102.31,102.31,715.73,715.73,4.65,4.65,15392.21,15392.21,15,15,running,running,4.11,4.11,84.73,84.73,2.07,2.07,4096.0,4096.0,19,19,running,running,0.11,0.11,68.35,68.35,3.34,3.34,2048.0,2048.0,18,18,running,running,0.13,0.13,46.69,46.69,0.3,0.3,15392.21,15392.21,3,3,running,running,,,,,,,,,,,,,0.27,0.27,614.61,614.61,3.99,3.99,15392.21,15392.21,36,36,running,running,0.0,0.0,183.41,183.41,1.19,1.19,15392.21,15392.21,8,8,running,running,0.0,0.0,42.56,42.56,0.28,0.28,15392.21,15392.21,10,10,running,running,0.0,0.0,46.38,46.38,0.3,0.3,15392.21,15392.21,10,10,running,running
2026-06-07T06:22:21.044647,2026-06-07T06:22:21.044647,2026-06-07T06:22:22.169802,-1.0000000000;0.0000000000;-0.0000000000;0.0000000000;0.0000000000;1.0000000000;0.0000000000;0.0000000000;0.0000000000;0.0000000000;-1.0000000000;110.3742546590;0.0000000000;0.0000000000;0.0000000000;1.0000000000,-1.0000000000;0.0000000000;-0.0000000000;0.0000000000;0.0000000000;1.0000000000;0.0000000000;0.0000000000;0.0000000000;0.0000000000;-1.0000000000;110.3742546590;0.0000000000;0.0000000000;0.0000000000;1.0000000000,1.125,2026-06-07T06:22:21.746866,2026-06-07T06:22:22.453009,2026-06-07T06:22:18.847748,2026-06-07T06:22:18.847748,10,10,271.62,271.62,2450.58,2450.58,15.92,15.92,15392.21,15392.21,164,164,running,running,205.21,205.21,633.39,633.39,15.46,15.46,4096.0,4096.0,199,199,running,running,102.31,102.31,715.73,715.73,4.65,4.65,15392.21,15392.21,15,15,running,running,4.11,4.11,84.73,84.73,2.07,2.07,4096.0,4096.0,19,19,running,running,0.11,0.11,68.35,68.35,3.34,3.34,2048.0,2048.0,18,18,running,running,0.13,0.13,46.69,46.69,0.3,0.3,15392.21,15392.21,3,3,running,running,,,,,,,,,,,,,0.27,0.27,614.61,614.61,3.99,3.99,15392.21,15392.21,36,36,running,running,0.0,0.0,183.41,183.41,1.19,1.19,15392.21,15392.21,8,8,running,running,0.0,0.0,42.56,42.56,0.28,0.28,15392.21,15392.21,10,10,running,running,0.0,0.0,46.38,46.38,0.3,0.3,15392.21,15392.21,10,10,running,running
2026-06-07T06:24:36.272892,2026-06-07T06:24:36.272892,2026-06-07T06:24:41.531727,-0.9985415847;0.0000000000;0.0539879952;0.0000000000;0.0000000000;1.0000000000;0.0000000000;0.0000000000;-0.0539879952;0.0000000000;-0.9985415847;110.3742546590;0.0000000000;0.0000000000;0.0000000000;1.0000000000,0.9597105132;0.0000000000;0.2809906243;0.0000000000;0.0000000000;1.0000000000;0.0000000000;0.0000000000;-0.2809906243;0.0000000000;0.9597105132;110.3742546590;0.0000000000;0.0000000000;0.0000000000;1.0000000000,5.259,2026-06-07T06:24:36.722576,2026-06-07T06:24:42.134498,2026-06-07T06:24:34.276494,2026-06-07T06:24:34.276494,10,10,255.19,255.19,2455.02,2455.02,15.95,15.95,15392.21,15392.21,164,164,running,running,215.41,215.41,633.73,633.73,15.47,15.47,4096.0,4096.0,203,203,running,running,100.67,100.67,695.14,695.14,4.52,4.52,15392.21,15392.21,15,15,running,running,4.03,4.03,84.73,84.73,2.07,2.07,4096.0,4096.0,19,19,running,running,0.06,0.06,68.37,68.37,3.34,3.34,2048.0,2048.0,18,18,running,running,0.74,0.74,46.75,46.75,0.3,0.3,15392.21,15392.21,3,3,running,running,,,,,,,,,,,,,0.24,0.24,614.61,614.61,3.99,3.99,15392.21,15392.21,36,36,running,running,0.0,0.0,183.46,183.46,1.19,1.19,15392.21,15392.21,8,8,running,running,0.0,0.0,42.56,42.56,0.28,0.28,15392.21,15392.21,10,10,running,running,0.0,0.0,46.38,46.38,0.3,0.3,15392.21,15392.21,10,10,running,running
2026-06-07T06:24:37.309538,2026-06-07T06:24:37.309538,2026-06-07T06:24:38.346843,0.9596478110;0.0000000000;0.2812046921;0.0000000000;0.0000000000;1.0000000000;0.0000000000;0.0000000000;-0.2812046921;0.0000000000;0.9596478110;110.3742546590;0.0000000000;0.0000000000;0.0000000000;1.0000000000,0.9596478110;0.0000000000;0.2812046921;0.0000000000;0.0000000000;1.0000000000;0.0000000000;0.0000000000;-0.2812046921;0.0000000000;0.9596478110;110.3742546590;0.0000000000;0.0000000000;0.0000000000;1.0000000000,1.037,2026-06-07T06:24:37.419857,2026-06-07T06:24:38.753594,2026-06-07T06:24:34.276494,2026-06-07T06:24:34.276494,10,10,255.19,255.19,2455.02,2455.02,15.95,15.95,15392.21,15392.21,164,164,running,running,215.41,215.41,633.73,633.73,15.47,15.47,4096.0,4096.0,203,203,running,running,100.67,100.67,695.14,695.14,4.52,4.52,15392.21,15392.21,15,15,running,running,4.03,4.03,84.73,84.73,2.07,2.07,4096.0,4096.0,19,19,running,running,0.06,0.06,68.37,68.37,3.34,3.34,2048.0,2048.0,18,18,running,running,0.74,0.74,46.75,46.75,0.3,0.3,15392.21,15392.21,3,3,running,running,,,,,,,,,,,,,0.24,0.24,614.61,614.61,3.99,3.99,15392.21,15392.21,36,36,running,running,0.0,0.0,183.46,183.46,1.19,1.19,15392.21,15392.21,8,8,running,running,0.0,0.0,42.56,42.56,0.28,0.28,15392.21,15392.21,10,10,running,running,0.0,0.0,46.38,46.38,0.3,0.3,15392.21,15392.21,10,10,running,running
2026-06-07T06:24:38.951626,2026-06-07T06:24:38.951626,2026-06-07T06:24:40.178174,0.9597105132;0.0000000000;0.2809906243;0.0000000000;0.0000000000;1.0000000000;0.0000000000;0.0000000000;-0.2809906243;0.0000000000;0.9597105132;110.3742546590;0.0000000000;0.0000000000;0.0000000000;1.0000000000,0.9597105132;0.0000000000;0.2809906243;0.0000000000;0.0000000000;1.0000000000;0.0000000000;0.0000000000;-0.2809906243;0.0000000000;0.9597105132;110.3742546590;0.0000000000;0.0000000000;0.0000000000;1.0000000000,1.227,2026-06-07T06:24:39.453949,2026-06-07T06:24:40.793629,2026-06-07T06:24:34.276494,2026-06-07T06:24:34.276494,10,10,255.19,255.19,2455.02,2455.02,15.95,15.95,15392.21,15392.21,164,164,running,running,215.41,215.41,633.73,633.73,15.47,15.47,4096.0,4096.0,203,203,running,running,100.67,100.67,695.14,695.14,4.52,4.52,15392.21,15392.21,15,15,running,running,4.03,4.03,84.73,84.73,2.07,2.07,4096.0,4096.0,19,19,running,running,0.06,0.06,68.37,68.37,3.34,3.34,2048.0,2048.0,18,18,running,running,0.74,0.74,46.75,46.75,0.3,0.3,15392.21,15392.21,3,3,running,running,,,,,,,,,,,,,0.24,0.24,614.61,614.61,3.99,3.99,15392.21,15392.21,36,36,running,running,0.0,0.0,183.46,183.46,1.19,1.19,15392.21,15392.21,8,8,running,running,0.0,0.0,42.56,42.56,0.28,0.28,15392.21,15392.21,10,10,running,running,0.0,0.0,46.38,46.38,0.3,0.3,15392.21,15392.21,10,10,running,running
2026-06-07T06:24:51.126608,2026-06-07T06:24:51.126608,2026-06-07T06:24:53.372076,-0.9597105132;0.0000000000;-0.2809906243;5.5163459778;-0.0000000000;-1.0000000000;-0.0000000000;24.4820480347;-0.2809906243;-0.0000000000;0.9597105132;160.3746702576;0.0000000000;0.0000000000;0.0000000000;1.0000000000,-0.9597105132;0.0000000000;-0.2809906243;5.5163459778;-0.0000000000;-1.0000000000;-0.0000000000;24.4820480347;-0.2809906243;-0.0000000000;0.9597105132;160.3746702576;0.0000000000;0.0000000000;0.0000000000;1.0000000000,2.245,2026-06-07T06:24:51.565743,2026-06-07T06:24:53.903825,2026-06-07T06:24:34.276494,2026-06-07T06:24:34.276494,10,10,255.19,255.19,2455.02,2455.02,15.95,15.95,15392.21,15392.21,164,164,running,running,215.41,215.41,633.73,633.73,15.47,15.47,4096.0,4096.0,203,203,running,running,100.67,100.67,695.14,695.14,4.52,4.52,15392.21,15392.21,15,15,running,running,4.03,4.03,84.73,84.73,2.07,2.07,4096.0,4096.0,19,19,running,running,0.06,0.06,68.37,68.37,3.34,3.34,2048.0,2048.0,18,18,running,running,0.74,0.74,46.75,46.75,0.3,0.3,15392.21,15392.21,3,3,running,running,,,,,,,,,,,,,0.24,0.24,614.61,614.61,3.99,3.99,15392.21,15392.21,36,36,running,running,0.0,0.0,183.46,183.46,1.19,1.19,15392.21,15392.21,8,8,running,running,0.0,0.0,42.56,42.56,0.28,0.28,15392.21,15392.21,10,10,running,running,0.0,0.0,46.38,46.38,0.3,0.3,15392.21,15392.21,10,10,running,running
2026-06-11T00:39:02.463476,2026-06-11T00:39:02.463476,2026-06-11T00:39:05.854617,-1.0000000000;0.0000000000;-0.0000000000;0.0000000000;0.0000000000;1.0000000000;0.0000000000;0.0000000000;0.0000000000;0.0000000000;-1.0000000000;110.0000000000;0.0000000000;0.0000000000;0.0000000000;1.0000000000,-1.0000000000;0.0000000000;-0.0000000000;0.0000000000;0.0000000000;1.0000000000;0.0000000000;0.0000000000;0.0000000000;0.0000000000;-1.0000000000;110.0000000000;0.0000000000;0.0000000000;0.0000000000;1.0000000000,3.391,2026-06-11T00:39:03.204387,2026-06-11T00:39:06.135635,2026-06-11T00:38:53.385916,2026-06-11T00:38:53.385916,10,10,73.0,73.0,1708.5,1708.5,11.1,11.1,15392.21,15392.21,172,172,running,running,225.71,225.71,665.5,665.5,16.25,16.25,4096.0,4096.0,235,235,running,running,1.5,1.5,285.88,285.88,1.86,1.86,15392.21,15392.21,15,15,running,running,3.99,3.99,76.24,76.24,1.86,1.86,4096.0,4096.0,19,19,running,running,0.04,0.04,71.15,71.15,3.47,3.47,2048.0,2048.0,18,18,running,running,0.12,0.12,23.2,23.2,0.15,0.15,15392.21,15392.21,3,3,running,running,,,,,,,,,,,,,0.31,0.31,913.68,913.68,5.94,5.94,15392.21,15392.21,43,43,running,running,0.0,0.0,183.84,183.84,1.19,1.19,15392.21,15392.21,8,8,running,running,0.0,0.0,51.06,51.06,0.33,0.33,15392.21,15392.21,21,21,running,running,0.05,0.05,47.7,47.7,0.31,0.31,15392.21,15392.21,10,10,running,running
2026-06-12T01:16:39.614375,2026-06-12T01:16:39.614375,2026-06-12T01:16:43.420398,-1.0000000000;0.0000000000;-0.0000000000;0.0000000000;0.0000000000;1.0000000000;0.0000000000;0.0000000000;0.0000000000;0.0000000000;-1.0000000000;110.0000000000;0.0000000000;0.0000000000;0.0000000000;1.0000000000,-1.0000000000;0.0000000000;-0.0000000000;0.0000000000;0.0000000000;1.0000000000;0.0000000000;0.0000000000;0.0000000000;0.0000000000;-1.0000000000;110.0000000000;0.0000000000;0.0000000000;0.0000000000;1.0000000000,3.806,2026-06-12T01:16:40.054442,2026-06-12T01:16:44.022427,2026-06-12T01:16:31.121647,2026-06-12T01:16:43.250686,6,6,118.17,123.18,1589.87,2066.48,10.33,13.43,15392.21,15392.21,160,152,running,running,225.53,222.21,662.28,662.54,16.17,16.18,4096.0,4096.0,231,231,running,running,1.91,14.96,281.17,281.18,1.83,1.83,15392.21,15392.21,15,15,running,running,5.02,6.87,76.17,76.18,1.86,1.86,4096.0,4096.0,19,19,running,running,0.07,0.12,71.15,71.2,3.47,3.48,2048.0,2048.0,18,18,running,running,0.13,0.17,23.05,23.07,0.15,0.15,15392.21,15392.21,3,3,running,running,,,,,,,,,,,,,,,,,,,,,,,,,,,,,,,,,,,,,,,,,,,,,,,,,,,,,,,,,,,,
2026-06-12T01:16:52.323883,2026-06-12T01:16:52.323883,2026-06-12T01:16:55.935648,-1.0000000000;0.0000000000;-0.0000000000;-0.0000000000;0.0000000000;1.0000000000;0.0000000000;0.0000000000;0.0000000000;0.0000000000;-1.0000000000;107.3003042991;0.0000000000;0.0000000000;0.0000000000;1.0000000000,-1.0000000000;0.0000000000;-0.0000000000;-0.0000000000;0.0000000000;1.0000000000;0.0000000000;0.0000000000;0.0000000000;0.0000000000;-1.0000000000;95.8265975703;0.0000000000;0.0000000000;0.0000000000;1.0000000000,3.612,2026-06-12T01:16:52.505565,2026-06-12T01:16:56.064101,2026-06-12T01:16:43.250686,2026-06-12T01:16:55.364276,6,6,123.18,217.39,2066.48,2190.32,13.43,14.23,15392.21,15392.21,152,161,running,running,222.21,243.08,662.54,679.59,16.18,16.59,4096.0,4096.0,231,231,running,running,14.96,111.34,281.18,680.07,1.83,4.42,15392.21,15392.21,15,15,running,running,6.87,7.81,76.18,76.23,1.86,1.86,4096.0,4096.0,19,19,running,running,0.12,0.18,71.2,71.24,3.48,3.48,2048.0,2048.0,18,18,running,running,0.17,0.17,23.07,23.09,0.15,0.15,15392.21,15392.21,3,3,running,running,,,,,,,,,,,,,,,,,,,,,,,,,,,,,,,,,,,,,,,,,,,,,,,,,,,,,,,,,,,,
2026-06-12T01:16:53.414934,2026-06-12T01:16:53.414934,2026-06-12T01:16:54.807218,-1.0000000000;0.0000000000;-0.0000000000;-0.0000000000;0.0000000000;1.0000000000;0.0000000000;0.0000000000;0.0000000000;0.0000000000;-1.0000000000;95.8265975703;0.0000000000;0.0000000000;0.0000000000;1.0000000000,-1.0000000000;0.0000000000;-0.0000000000;-0.0000000000;0.0000000000;1.0000000000;0.0000000000;0.0000000000;0.0000000000;0.0000000000;-1.0000000000;95.8265975703;0.0000000000;0.0000000000;0.0000000000;1.0000000000,1.392,2026-06-12T01:16:53.870281,2026-06-12T01:16:55.306829,2026-06-12T01:16:43.250686,2026-06-12T01:16:43.250686,6,6,123.18,123.18,2066.48,2066.48,13.43,13.43,15392.21,15392.21,152,152,running,running,222.21,222.21,662.54,662.54,16.18,16.18,4096.0,4096.0,231,231,running,running,14.96,14.96,281.18,281.18,1.83,1.83,15392.21,15392.21,15,15,running,running,6.87,6.87,76.18,76.18,1.86,1.86,4096.0,4096.0,19,19,running,running,0.12,0.12,71.2,71.2,3.48,3.48,2048.0,2048.0,18,18,running,running,0.17,0.17,23.07,23.07,0.15,0.15,15392.21,15392.21,3,3,running,running,,,,,,,,,,,,,,,,,,,,,,,,,,,,,,,,,,,,,,,,,,,,,,,,,,,,,,,,,,,,
2026-06-12T01:17:22.835073,2026-06-12T01:17:22.835073,,1.0000000000;0.0000000000;0.0000000000;5.5163459778;0.0000000000;-1.0000000000;0.0000000000;24.4820480347;0.0000000000;0.0000000000;-1.0000000000;80.3746702576;0.0000000000;0.0000000000;0.0000000000;1.0000000000,,,2026-06-12T01:17:23.037754,,2026-06-12T01:17:19.577977,,6,,12.55,,2195.0,,14.26,,15392.21,,161,,running,,217.89,,680.49,,16.61,,4096.0,,231,,running,,111.23,,698.97,,4.54,,15392.21,,15,,running,,4.55,,76.27,,1.86,,4096.0,,19,,running,,0.08,,71.25,,3.48,,2048.0,,18,,running,,0.17,,23.13,,0.15,,15392.21,,3,,running,,,,,,,,,,,,,,,,,,,,,,,,,,,,,,,,,,,,,,,,,,,,,,,,,,,,,,,,,,,,,
2026-06-12T01:17:39.388514,2026-06-12T01:17:39.388514,2026-06-12T01:17:55.522462,1.0000000000;0.0000000000;0.0000000000;5.5163459778;0.0000000000;-1.0000000000;0.0000000000;24.4820480347;0.0000000000;0.0000000000;-1.0000000000;80.3846702576;0.0000000000;0.0000000000;0.0000000000;1.0000000000,-0.0000000000;-1.0000000000;0.0000000000;5.5163459778;-0.0000000000;0.0000000000;1.0000000000;-95.5079519653;-1.0000000000;0.0000000000;-0.0000000000;-39.6153297424;0.0000000000;0.0000000000;0.0000000000;1.0000000000,16.134,2026-06-12T01:17:39.731148,2026-06-12T01:17:56.147527,2026-06-12T01:17:30.734190,2026-06-12T01:17:55.055118,6,6,68.0,16.22,2196.86,2201.19,14.27,14.3,15392.21,15392.21,161,161,running,running,257.6,240.25,680.63,682.43,16.62,16.66,4096.0,4096.0,233,231,running,running,285.96,107.9,779.93,696.55,5.07,4.53,15392.21,15392.21,15,15,running,running,6.37,7.17,76.27,76.27,1.86,1.86,4096.0,4096.0,19,19,running,running,0.06,0.08,71.26,71.3,3.48,3.48,2048.0,2048.0,18,18,running,running,0.13,0.17,23.14,23.17,0.15,0.15,15392.21,15392.21,3,3,running,running,,,,,,,,,,,,,,,,,,,,,,,,,,,,,,,,,,,,,,,,,,,,,,,,,,,,,,,,,,,,
2026-06-12T01:17:52.472276,2026-06-12T01:17:52.472276,2026-06-12T01:17:54.214477,-0.0000000000;-1.0000000000;0.0000000000;5.5163459778;-0.0000000000;0.0000000000;1.0000000000;-95.5079519653;-1.0000000000;0.0000000000;-0.0000000000;-39.6153297424;0.0000000000;0.0000000000;0.0000000000;1.0000000000,-0.0000000000;-1.0000000000;0.0000000000;5.5163459778;-0.0000000000;0.0000000000;1.0000000000;-95.5079519653;-1.0000000000;0.0000000000;-0.0000000000;-39.6153297424;0.0000000000;0.0000000000;0.0000000000;1.0000000000,1.742,2026-06-12T01:17:52.917522,2026-06-12T01:17:54.778498,2026-06-12T01:17:42.896468,2026-06-12T01:17:42.896468,6,6,12.5,12.5,2201.73,2201.73,14.3,14.3,15392.21,15392.21,161,161,running,running,234.84,234.84,680.81,680.81,16.62,16.62,4096.0,4096.0,231,231,running,running,110.33,110.33,689.34,689.34,4.48,4.48,15392.21,15392.21,15,15,running,running,7.77,7.77,76.27,76.27,1.86,1.86,4096.0,4096.0,19,19,running,running,0.08,0.08,71.27,71.27,3.48,3.48,2048.0,2048.0,18,18,running,running,1.43,1.43,23.14,23.14,0.15,0.15,15392.21,15392.21,3,3,running,running,,,,,,,,,,,,,,,,,,,,,,,,,,,,,,,,,,,,,,,,,,,,,,,,,,,,,,,,,,,,
